Workbook

Sheet donnée
E1: IOL 700 | O1: IOL | AB1: POST OP J30 + ET KERATO AR | AK1: BARRETT | AN1: Haigis | AQ1: SRK/T | AT1: Zeiss | AW1: Cooke K6 | AZ1: EVO | BC1: Hill-RBF | BF1: Hoffer QST | BI1: Kane | BL1: Pearl DGS
A2: ID Patient | B2: Œil | C2: Âge | D2: antécédent | E2: AL | F2: ACD epit | G2: LT | H2: PACHY (mm) | I2: WTW (mm) | J2: K1 | K2: Axe | L2: K2 | M2: KM | N2: Astigmatisme cornéen | O2: K1 | P2: axe | Q2: K2 | R2: BARRETT SE attendu | S2: Haigis SE attendu | T2: SRK/T SE attendue | U2: ZEISS CALC | V2: Cooke K6 | W2: EVO | X2: Hill-RBF | Y2: Hoffer QST | Z2: Kane | AA2: Pearl DGS | AB2: Réfraction sphère | AC2: Réfraction cylindre | AD2: Réfraction axe | AE2: SE post-op | AF2: K1 | AG2: Axe | AH2: K2 | AI2: Astigmatisme cornéen | AJ2: SE attendu (Barrett) | AK2: Erreur SE (post-op - attendu) | AL2: Écart >0.50D ? | AM2: SE attendu Haigis | AN2: Erreur SE (post-op - attendu) | AO2: Écart >0.50D ? | AP2: SE attendu SRK/T | AQ2: Erreur SE (post-op - attendu) | AR2: Écart >0.50D ? | AS2: SE attendu Zeiss | AT2: Erreur SE (post-op - attendu) | AU2: Écart >0.50D ? | AV2: SE attendu Cooke k6 | AW2: Erreur SE (post-op - attendu) | AX2: Écart >0.50D ? | AY2: SE attendu EVO | AZ2: Erreur SE (post-op - attendu) | BA2: Écart >0.50D ? | BB2: SE attendu Hill-RBF | BC2: Erreur SE (post-op - attendu) | BD2: Écart >0.50D ? | BE2: SE attendu Hoffer QST | BF2: Erreur SE (post-op - attendu) | BG2: Écart >0.50D ? | BH2: SE attendu Kane | BI2: Erreur SE (post-op - attendu) | BJ2: Écart >0.50D ? | BK2: SE attendu Pearl DGS | BL2: Erreur SE (post-op - attendu) | BM2: Écart >0.50D ? | BN2: FORMULE LA PLUS PROCHE | BO2: PUISSANCE IOL =>30 | BP2: PUISSANCE IOL 30 => 25 | BQ2: PUISSANCE IOL 25 => 15 | BR2: PUISSANCE IOL 15 => 10 | BS2: PUISSANCE IOL 10 => 0 | BT2: PUISSANCE IOL 0=> | BU2: œil extrème >28mm | BV2: Œil très long 28>26 | BW2: Œil long 26>24,5 | BX2: Œil long NORMAL 24,5>22,5 | BY2: Œil court 22,5>20 | BZ2: Œil très court <20 | CA2: K extrème >48,5 | CB2: K CAMBRE 48,5>46,5 | CC2: K CAMBRE- 46,5>45 | CD2: K NORM 45>43 | CE2: K PLAT- 43>41 | CF2: K PLAT >41,0 | CG2: CA extrème >4,0 | CH2: CA profonde 4>3,5 | CI2: CA NORM 3,5>2,5 | CJ2: CA ETROITE 2,5>2,0 | CK2: CA tres etroite <2,0 | CL2: LT TRES EPAIS >5,3 | CM2: LT EPAIS 5,3>4,9 | CN2: LT NORMAL 4,9>3,8 | CO2: LT FIN>3,8 | CP2: WTW EXTREME >13 | CQ2: WTW GRAND 13>12,5 | CR2: WTW NORM 12,5>11,5 | CS2: WTW PETITE <11,5 | CT2: AGE +90 | CU2: AGE 89 => 80 | CV2: AGE 80 => 70 | CW2: AGE 69 => 60 | CX2: AGE 59 => 50 | CY2: AGE 49 => 40 | CZ2: AGE -39 | DA2: ANTECEDENT
DA75: =D75 -> 0
DA76: =D76 -> 0
DA77: =D77 -> 0
DA78: =D78 -> 0
DA79: =D79 -> 0
DA80: =D80 -> 0
DA81: =D81 -> 0
DA82: =D82 -> 0
DA83: =D83 -> 0
DA84: =D84 -> 0
DA85: =D85 -> 0
DA86: =D86 -> 0
... DA667: =D667 -> 0

Sheet  selon formule
E1: BARRETT | F1: =COUNTIF(donnée!BN:BN,"barrett") -> 0
E2: HAIGIS | F2: =COUNTIF(donnée!BN:BN,"haigis") -> 0
E3: SRK/T | F3: =COUNTIF(donnée!BN:BN,"SRK/T") -> 0
E4: Zeiss | F4: =COUNTIF(donnée!BN:BN,"Zeiss") -> 0
E5: Cooke k6 | F5: =COUNTIF(donnée!BN:BN,"Cooke k6") -> 0
E6: EVO | F6: =COUNTIF(donnée!BN:BN,"EVO") -> 0
E7: Hill-RBF | F7: =COUNTIF(donnée!BN:BN,"HILL-RBF") -> 0
E8: Hoffer QST | F8: =COUNTIF(donnée!BN:BN,"Hoofer QST") -> 0
E9: Kane | F9: =COUNTIF(donnée!BN:BN,"KANE") -> 0
E10: Pearl DGS | F10: =COUNTIF(donnée!BN:BN,"Pearl DGS") -> 0

Sheet  selon Dptr et formule
K1: formule | L1: >+1,0 | M1: +1,0 à +0,76 | N1: +0,75 à +0,51 | O1: +0,50 à +0,26 | P1: +0,25 à -0,25 | Q1: -0,26 à -0,50 | R1: -0,51 à -0,75 | S1: -0,76 -1,0 | T1: > -1,0 | U1: chiffre en pourcentage
K2: BARRETT | L2: =B6*100 -> #DIV/0! | M2: =B7*100 -> #DIV/0! | N2: =B8*100 -> #DIV/0! | O2: =B9*100 -> #DIV/0! | P2: =B10*100 -> #DIV/0! | Q2: =B11*100 -> #DIV/0! | R2: =B12*100 -> #DIV/0! | S2: =B13*100 -> #DIV/0! | T2: =B14*100 -> #DIV/0!
K3: HAIGIS | L3: =B18*100 -> #DIV/0! | M3: =B19*100 -> #DIV/0! | N3: =B20*100 -> #DIV/0! | O3: =B21*100 -> #DIV/0! | P3: =B22*100 -> #DIV/0! | Q3: =B23*100 -> #DIV/0! | R3: =B24*100 -> #DIV/0! | S3: =B25*100 -> #DIV/0! | T3: =B26*100 -> #DIV/0!
A4: resultat BARRETTE | K4: SRK/T | L4: =B30*100 -> #DIV/0! | M4: =B31*100 -> #DIV/0! | N4: =B32*100 -> #DIV/0! | O4: =B33*100 -> #DIV/0! | P4: =B34*100 -> #DIV/0! | Q4: =B35*100 -> #DIV/0! | R4: =B36*100 -> #DIV/0! | S4: =B37*100 -> #DIV/0! | T4: =B38*100 -> #DIV/0!
K5: zeiss | L5: =B42*100 -> #DIV/0! | M5: =B43*100 -> #DIV/0! | N5: =B44*100 -> #DIV/0! | O5: =B45*100 -> #DIV/0! | P5: =B46*100 -> #DIV/0! | Q5: =B47*100 -> #DIV/0! | R5: =B48*100 -> #DIV/0! | S5: =B49*100 -> #DIV/0! | T5: =B50*100 -> #DIV/0!
A6: >+1,0 | B6: =C6/C15 -> #DIV/0! | C6: =COUNTIFS(donnée!AK:AK,">=1,0") -> 0 | K6: Cooke K6 | L6: =B54*100 -> #DIV/0! | M6: =B55*100 -> #DIV/0! | N6: =B56*100 -> #DIV/0! | O6: =B57*100 -> #DIV/0! | P6: =B58*100 -> #DIV/0! | Q6: =B59*100 -> #DIV/0! | R6: =B60*100 -> #DIV/0! | S6: =B61*100 -> #DIV/0! | T6: =B62*100 -> #DIV/0!
A7: +1,0 à +0,76 | B7: =C7/(C15) -> #DIV/0! | C7: =COUNTIFS(donnée!AK:AK,">=0,76",donnée!AK:AK,"<=1,0") -> 0 | K7: EVO | L7: =B66*100 -> #DIV/0! | M7: =B67*100 -> #DIV/0! | N7: =B68*100 -> #DIV/0! | O7: =B69*100 -> #DIV/0! | P7: =B70*100 -> #DIV/0! | Q7: =B71*100 -> #DIV/0! | R7: =B72*100 -> #DIV/0! | S7: =B73*100 -> #DIV/0! | T7: =B74*100 -> #DIV/0!
A8: +0,75 à +0,51 | B8: =C8/(C15) -> #DIV/0! | C8: =COUNTIFS(donnée!AK:AK,">=+0,51",donnée!AK:AK,"<=+0,75") -> 0 | K8: Hill-RBF | L8: =B78*100 -> #DIV/0! | M8: =B79*100 -> #DIV/0! | N8: =B80*100 -> #DIV/0! | O8: =B81*100 -> #DIV/0! | P8: =B82*100 -> #DIV/0! | Q8: =B83*100 -> #DIV/0! | R8: =B84*100 -> #DIV/0! | S8: =B85*100 -> #DIV/0! | T8: =B86*100 -> #DIV/0!
A9: +0,50 à +0,26 | B9: =C9/(C15) -> #DIV/0! | C9: =COUNTIFS(donnée!AK:AK,">=+0,26",donnée!AK:AK,"<=+0,50") -> 0 | K9: Hoffer QST | L9: =B90*100 -> #DIV/0! | M9: =B91*100 -> #DIV/0! | N9: =B92*100 -> #DIV/0! | O9: =B93*100 -> #DIV/0! | P9: =B94*100 -> #DIV/0! | Q9: =B95*100 -> #DIV/0! | R9: =B96*100 -> #DIV/0! | S9: =B97*100 -> #DIV/0! | T9: =B98*100 -> #DIV/0!
A10: +0,25 à -0,25 | B10: =C10/(C15) -> #DIV/0! | C10: =COUNTIFS(donnée!AK:AK,">=-0,25",donnée!AK:AK,"<=+0,25") -> 0 | K10: Kane | L10: =C102*100 -> 0 | M10: =C103*100 -> 0 | N10: =C104*100 -> 0 | O10: =C105*100 -> 0 | P10: =C106*100 -> 0 | Q10: =C107*100 -> 0 | R10: =C108*100 -> 0 | S10: =C109*100 -> 0 | T10: =C110*100 -> 0
A11: -0,26 à -0,50 | B11: =C11/(C15) -> #DIV/0! | C11: =COUNTIFS(donnée!AK:AK,">=-0,50",donnée!AK:AK,"<=-0,26") -> 0 | K11: Pearl DGS | L11: =B114*100 -> #DIV/0! | M11: =B115*100 -> #DIV/0! | N11: =B116*100 -> #DIV/0! | O11: =B117*100 -> #DIV/0! | P11: =B118*100 -> #DIV/0! | Q11: =B119*100 -> #DIV/0! | R11: =B120*100 -> #DIV/0! | S11: =B121*100 -> #DIV/0! | T11: =B122*100 -> #DIV/0!
A12: -0,51 à -0,75 | B12: =C12/(C15) -> #DIV/0! | C12: =COUNTIFS(donnée!AK:AK,">=-0,75",donnée!AK:AK,"<=-0,51") -> 0
A13: -0,76 -1,0 | B13: =C13/(C15) -> #DIV/0! | C13: =COUNTIFS(donnée!AK:AK,">=-1,0",donnée!AK:AK,"<=-0,76") -> 0
A14: > -1,0 | B14: =C14/(C15) -> #DIV/0! | C14: =COUNTIFS(donnée!AK:AK,"<=-1,0") -> 0
A15: total | B15: =SUM(B6:B14) -> #DIV/0! | C15: =SUM(C6:C14) -> 0
A16: resultat HAIGIS
A18: >+1,0 | B18: =C18/(C27) -> #DIV/0! | C18: =COUNTIFS(donnée!AN:AN,">=1,0") -> 0
A19: +1,0 à +0,76 | B19: =C19/(C27) -> #DIV/0! | C19: =COUNTIFS(donnée!AN:AN,">=0,76",donnée!AN:AN,"<=1,0") -> 0
A20: +0,75 à +0,51 | B20: =C20/(C27) -> #DIV/0! | C20: =COUNTIFS(donnée!AN:AN,">=+0,51",donnée!AN:AN,"<=+0,75") -> 0
A21: +0,50 à +0,26 | B21: =C21/(C27) -> #DIV/0! | C21: =COUNTIFS(donnée!AN:AN,">=+0,26",donnée!AN:AN,"<=+0,50") -> 0
A22: +0,25 à -0,25 | B22: =C22/(C27) -> #DIV/0! | C22: =COUNTIFS(donnée!AN:AN,">=-0,25",donnée!AN:AN,"<=+0,25") -> 0
A23: -0,26 à -0,50 | B23: =C23/(C27) -> #DIV/0! | C23: =COUNTIFS(donnée!AN:AN,">=-0,50",donnée!AN:AN,"<=-0,26") -> 0
A24: -0,51 à -0,75 | B24: =C24/(C27) -> #DIV/0! | C24: =COUNTIFS(donnée!AN:AN,">=-0,75",donnée!AN:AN,"<=-0,51") -> 0
A25: -0,76 -1,0 | B25: =C25/(C27) -> #DIV/0! | C25: =COUNTIFS(donnée!AN:AN,">=-1,0",donnée!AN:AN,"<=-0,76") -> 0
A26: > -1,0 | B26: =C26/(C27) -> #DIV/0! | C26: =COUNTIFS(donnée!AN:AN,"<=-1,0") -> 0
A27: total | B27: =SUM(B18:B26) -> #DIV/0! | C27: =SUM(C18:C26) -> 0
A28: resultat SRK/T
A30: >+1,0 | B30: =C30/(C39) -> #DIV/0! | C30: =COUNTIFS(donnée!AQ:AQ,">=1,0") -> 0
A31: +1,0 à +0,76 | B31: =C31/(C39) -> #DIV/0! | C31: =COUNTIFS(donnée!AQ:AQ,">=0,76",donnée!AQ:AQ,"<=1,0") -> 0
A32: +0,75 à +0,51 | B32: =C32/(C39) -> #DIV/0! | C32: =COUNTIFS(donnée!AQ:AQ,">=+0,51",donnée!AQ:AQ,"<=+0,75") -> 0
A33: +0,50 à +0,26 | B33: =C33/(C39) -> #DIV/0! | C33: =COUNTIFS(donnée!AQ:AQ,">=+0,26",donnée!AQ:AQ,"<=+0,50") -> 0
A34: +0,25 à -0,25 | B34: =C34/(C39) -> #DIV/0! | C34: =COUNTIFS(donnée!AQ:AQ,">=-0,25",donnée!AQ:AQ,"<=+0,25") -> 0
A35: -0,26 à -0,50 | B35: =C35/(C39) -> #DIV/0! | C35: =COUNTIFS(donnée!AQ:AQ,">=-0,50",donnée!AQ:AQ,"<=-0,26") -> 0
A36: -0,51 à -0,75 | B36: =C36/(C39) -> #DIV/0! | C36: =COUNTIFS(donnée!AQ:AQ,">=-0,75",donnée!AQ:AQ,"<=-0,51") -> 0
A37: -0,76 -1,0 | B37: =C37/(C39) -> #DIV/0! | C37: =COUNTIFS(donnée!AQ:AQ,">=-1,0",donnée!AQ:AQ,"<=-0,76") -> 0
A38: > -1,0 | B38: =C38/(C39) -> #DIV/0! | C38: =COUNTIFS(donnée!AQ:AQ,"<=-1,0") -> 0
A39: total | B39: =SUM(B30:B38) -> #DIV/0! | C39: =SUM(C30:C38) -> 0
A40: resultat Zeiss
A42: >+1,0 | B42: =C42/(C51) -> #DIV/0! | C42: =COUNTIFS(donnée!AT:AT,">=1,0") -> 0
A43: +1,0 à +0,76 | B43: =C43/(C51) -> #DIV/0! | C43: =COUNTIFS(donnée!AT:AT,">=0,76",donnée!AT:AT,"<=1,0") -> 0
A44: +0,75 à +0,51 | B44: =C44/(C51) -> #DIV/0! | C44: =COUNTIFS(donnée!AT:AT,">=+0,51",donnée!AT:AT,"<=+0,75") -> 0
A45: +0,50 à +0,26 | B45: =C45/(C51) -> #DIV/0! | C45: =COUNTIFS(donnée!AT:AT,">=+0,26",donnée!AT:AT,"<=+0,50") -> 0
A46: +0,25 à -0,25 | B46: =C46/(C51) -> #DIV/0! | C46: =COUNTIFS(donnée!AT:AT,">=-0,25",donnée!AT:AT,"<=+0,25") -> 0
A47: -0,26 à -0,50 | B47: =C47/(C51) -> #DIV/0! | C47: =COUNTIFS(donnée!AT:AT,">=-0,50",donnée!AT:AT,"<=-0,26") -> 0
A48: -0,51 à -0,75 | B48: =C48/(C51) -> #DIV/0! | C48: =COUNTIFS(donnée!AT:AT,">=-0,75",donnée!AT:AT,"<=-0,51") -> 0
A49: -0,76 -1,0 | B49: =C49/(C51) -> #DIV/0! | C49: =COUNTIFS(donnée!AT:AT,">=-1,0",donnée!AT:AT,"<=-0,76") -> 0
A50: > -1,0 | B50: =C50/(C51) -> #DIV/0! | C50: =COUNTIFS(donnée!AT:AT,"<=-1,0") -> 0
A51: total | B51: =SUM(B42:B50) -> #DIV/0! | C51: =SUM(C42:C50) -> 0
A52: resultat Cooke k6
A54: >+1,0 | B54: =C54/(C63) -> #DIV/0! | C54: =COUNTIFS(donnée!AW:AW,">=1,0") -> 0
A55: +1,0 à +0,76 | B55: =C55/(C63) -> #DIV/0! | C55: =COUNTIFS(donnée!AW:AW,">=0,76",donnée!AW:AW,"<=1,0") -> 0
A56: +0,75 à +0,51 | B56: =C56/(C63) -> #DIV/0! | C56: =COUNTIFS(donnée!AW:AW,">=+0,51",donnée!AW:AW,"<=+0,75") -> 0
A57: +0,50 à +0,26 | B57: =C57/(C63) -> #DIV/0! | C57: =COUNTIFS(donnée!AW:AW,">=+0,26",donnée!AW:AW,"<=+0,50") -> 0
A58: +0,25 à -0,25 | B58: =C58/(C63) -> #DIV/0! | C58: =COUNTIFS(donnée!AW:AW,">=-0,25",donnée!AW:AW,"<=+0,25") -> 0
A59: -0,26 à -0,50 | B59: =C59/(C63) -> #DIV/0! | C59: =COUNTIFS(donnée!AW:AW,">=-0,50",donnée!AW:AW,"<=-0,26") -> 0
A60: -0,51 à -0,75 | B60: =C60/(C63) -> #DIV/0! | C60: =COUNTIFS(donnée!AW:AW,">=-0,75",donnée!AW:AW,"<=-0,51") -> 0
A61: -0,76 -1,0 | B61: =C61/(C63) -> #DIV/0! | C61: =COUNTIFS(donnée!AW:AW,">=-1,0",donnée!AW:AW,"<=-0,76") -> 0
A62: > -1,0 | B62: =C62/(C63) -> #DIV/0! | C62: =COUNTIFS(donnée!AW:AW,"<=-1,0") -> 0
A63: total | B63: =SUM(B54:B62) -> #DIV/0! | C63: =SUM(C54:C62) -> 0
A64: resultat EVO
A66: >+1,0 | B66: =C66/(C75) -> #DIV/0! | C66: =COUNTIFS(donnée!AZ:AZ,">=1,0") -> 0
A67: +1,0 à +0,76 | B67: =C67/(C75) -> #DIV/0! | C67: =COUNTIFS(donnée!AZ:AZ,">=0,76",donnée!AZ:AZ,"<=1,0") -> 0
A68: +0,75 à +0,51 | B68: =C68/(C75) -> #DIV/0! | C68: =COUNTIFS(donnée!AZ:AZ,">=+0,51",donnée!AZ:AZ,"<=+0,75") -> 0
A69: +0,50 à +0,26 | B69: =C69/(C75) -> #DIV/0! | C69: =COUNTIFS(donnée!AZ:AZ,">=+0,26",donnée!AZ:AZ,"<=+0,50") -> 0
A70: +0,25 à -0,25 | B70: =C70/(C75) -> #DIV/0! | C70: =COUNTIFS(donnée!AZ:AZ,">=-0,25",donnée!AZ:AZ,"<=+0,25") -> 0
A71: -0,26 à -0,50 | B71: =C71/(C75) -> #DIV/0! | C71: =COUNTIFS(donnée!AZ:AZ,">=-0,50",donnée!AZ:AZ,"<=-0,26") -> 0
A72: -0,51 à -0,75 | B72: =C72/(C75) -> #DIV/0! | C72: =COUNTIFS(donnée!AZ:AZ,">=-0,75",donnée!AZ:AZ,"<=-0,51") -> 0
A73: -0,76 -1,0 | B73: =C73/(C75) -> #DIV/0! | C73: =COUNTIFS(donnée!AZ:AZ,">=-1,0",donnée!AZ:AZ,"<=-0,76") -> 0
A74: > -1,0 | B74: =C74/(C75) -> #DIV/0! | C74: =COUNTIFS(donnée!AZ:AZ,"<=-1,0") -> 0
A75: total | B75: =SUM(B66:B74) -> #DIV/0! | C75: =SUM(C66:C74) -> 0
A76: resultat Hill-RBF
A78: >+1,0 | B78: =C78/(C87) -> #DIV/0! | C78: =COUNTIFS(donnée!BC:BC,">=1,0") -> 0
A79: +1,0 à +0,76 | B79: =C79/(C87) -> #DIV/0! | C79: =COUNTIFS(donnée!BC:BC,">=0,76",donnée!BC:BC,"<=1,0") -> 0
A80: +0,75 à +0,51 | B80: =C80/(C87) -> #DIV/0! | C80: =COUNTIFS(donnée!BC:BC,">=+0,51",donnée!BC:BC,"<=+0,75") -> 0
A81: +0,50 à +0,26 | B81: =C81/(C87) -> #DIV/0! | C81: =COUNTIFS(donnée!BC:BC,">=+0,26",donnée!BC:BC,"<=+0,50") -> 0
A82: +0,25 à -0,25 | B82: =C82/(C87) -> #DIV/0! | C82: =COUNTIFS(donnée!BC:BC,">=-0,25",donnée!BC:BC,"<=+0,25") -> 0
A83: -0,26 à -0,50 | B83: =C83/(C87) -> #DIV/0! | C83: =COUNTIFS(donnée!BC:BC,">=-0,50",donnée!BC:BC,"<=-0,26") -> 0
A84: -0,51 à -0,75 | B84: =C84/(C87) -> #DIV/0! | C84: =COUNTIFS(donnée!BC:BC,">=-0,75",donnée!BC:BC,"<=-0,51") -> 0
A85: -0,76 -1,0 | B85: =C85/(C87) -> #DIV/0! | C85: =COUNTIFS(donnée!BC:BC,">=-1,0",donnée!BC:BC,"<=-0,76") -> 0
A86: > -1,0 | B86: =C86/(C87) -> #DIV/0! | C86: =COUNTIFS(donnée!BC:BC,"<=-1,0") -> 0
A87: total | B87: =SUM(B78:B86) -> #DIV/0! | C87: =SUM(C78:C86) -> 0
A88: resultat Hoffer QST
A90: >+1,0 | B90: =C90/(C99) -> #DIV/0! | C90: =COUNTIFS(donnée!BF:BF,">=1,0") -> 0
A91: +1,0 à +0,76 | B91: =C91/(C99) -> #DIV/0! | C91: =COUNTIFS(donnée!BF:BF,">=0,76",donnée!BF:BF,"<=1,0") -> 0
A92: +0,75 à +0,51 | B92: =C92/(C99) -> #DIV/0! | C92: =COUNTIFS(donnée!BF:BF,">=+0,51",donnée!BF:BF,"<=+0,75") -> 0
A93: +0,50 à +0,26 | B93: =C93/(C99) -> #DIV/0! | C93: =COUNTIFS(donnée!BF:BF,">=+0,26",donnée!BF:BF,"<=+0,50") -> 0
A94: +0,25 à -0,25 | B94: =C94/(C99) -> #DIV/0! | C94: =COUNTIFS(donnée!BF:BF,">=-0,25",donnée!BF:BF,"<=+0,25") -> 0
A95: -0,26 à -0,50 | B95: =C95/(C99) -> #DIV/0! | C95: =COUNTIFS(donnée!BF:BF,">=-0,50",donnée!BF:BF,"<=-0,26") -> 0
A96: -0,51 à -0,75 | B96: =C96/(C99) -> #DIV/0! | C96: =COUNTIFS(donnée!BF:BF,">=-0,75",donnée!BF:BF,"<=-0,51") -> 0
A97: -0,76 -1,0 | B97: =C97/(C99) -> #DIV/0! | C97: =COUNTIFS(donnée!BF:BF,">=-1,0",donnée!BF:BF,"<=-0,76") -> 0
A98: > -1,0 | B98: =C98/(C99) -> #DIV/0! | C98: =COUNTIFS(donnée!BF:BF,"<=-1,0") -> 0
A99: total | B99: =SUM(B90:B98) -> #DIV/0! | C99: =SUM(C90:C98) -> 0
A100: resultat Kane
A102: >+1,0 | B102: =C102/(C111) -> #DIV/0! | C102: =COUNTIFS(donnée!BI:BI,">=1,0") -> 0
A103: +1,0 à +0,76 | B103: =C103/(C111) -> #DIV/0! | C103: =COUNTIFS(donnée!BI:BI,">=0,76",donnée!BI:BI,"<=1,0") -> 0
A104: +0,75 à +0,51 | B104: =C104/(C111) -> #DIV/0! | C104: =COUNTIFS(donnée!BI:BI,">=+0,51",donnée!BI:BI,"<=+0,75") -> 0
A105: +0,50 à +0,26 | B105: =C105/(C111) -> #DIV/0! | C105: =COUNTIFS(donnée!BI:BI,">=+0,26",donnée!BI:BI,"<=+0,50") -> 0
A106: +0,25 à -0,25 | B106: =C106/(C111) -> #DIV/0! | C106: =COUNTIFS(donnée!BI:BI,">=-0,25",donnée!BI:BI,"<=+0,25") -> 0
A107: -0,26 à -0,50 | B107: =C107/(C111) -> #DIV/0! | C107: =COUNTIFS(donnée!BI:BI,">=-0,50",donnée!BI:BI,"<=-0,26") -> 0
A108: -0,51 à -0,75 | B108: =C108/(C111) -> #DIV/0! | C108: =COUNTIFS(donnée!BI:BI,">=-0,75",donnée!BI:BI,"<=-0,51") -> 0
...

Sheet  typ oeil  formulle
C2: PUISSANCE IOL =>30 | D2: PUISSANCE IOL 30 => 25 | E2: PUISSANCE IOL 25 => 15 | F2: PUISSANCE IOL 15 => 10 | G2: PUISSANCE IOL 10 => 0 | H2: PUISSANCE IOL 0=> | J2: œil extrème >28mm | K2: Œil très long 28>26 | L2: Œil long 26>24,5 | M2: Œil long NORMAL 24,5>22,5 | N2: Œil court 22,5>20 | O2: Œil très court <20 | Q2: K extrème >48,5 | R2: K CAMBRE 48,5>46,5 | S2: K CAMBRE- 46,5>45 | T2: K NORM 45>43 | U2: K PLAT- 43>41 | V2: K PLAT >41,0 | X2: CA extrème >4,0 | Y2: CA profonde 4>3,5 | Z2: CA NORM 3,5>2,5 | AA2: CA ETROITE 2,5>2,0 | AB2: CA tres etroite <2,0 | AE2: LT TRES EPAIS >5,3 | AF2: LT EPAIS 5,3>4,9 | AG2: LT NORMAL 4,9>3,8 | AH2: LT FIN>3,8 | AL2: WTW EXTREME >13 | AM2: WTW GRAND 13>12,5 | AN2: WTW NORM 12,5>11,5 | AO2: WTW PETITE <11,5 | AS2: AGE +90 | AT2: AGE 89 => 80 | AU2: AGE 80 => 70 | AV2: AGE 69 => 60 | AW2: AGE 59 => 50 | AX2: AGE 49 => 40 | AY2: AGE -39
B3: BARRETTE | I3: BARRETTE | P3: BARRETTE | W3: BARRETTE | AD3: BARRETTE | AK3: BARRETTE | AR3: BARRETTE
B4: >+1,0 | C4: =COUNTIFS(donnée!AK:AK,">=1,0",donnée!BO:BO,"oui") -> 0 | D4: =COUNTIFS(donnée!AK:AK,">=1,0",donnée!BP:BP,"oui") -> 0 | E4: =COUNTIFS(donnée!AK:AK,">=1,0",donnée!BQ:BQ,"oui") -> 0 | F4: =COUNTIFS(donnée!AK:AK,">=1,0",donnée!BR:BR,"oui") -> 0 | G4: =COUNTIFS(donnée!AK:AK,">=1,0",donnée!BS:BS,"oui") -> 0 | H4: =COUNTIFS(donnée!AK:AK,">=1,0",donnée!BT:BT,"oui") -> 0 | I4: >+1,0 | J4: =COUNTIFS(donnée!AK:AK,">=1,0",donnée!BU:BU,"oui") -> 0 | K4: =COUNTIFS(donnée!AK:AK,">=1,0",donnée!BV:BV,"oui") -> 0 | L4: =COUNTIFS(donnée!AK:AK,">=1,0",donnée!BW:BW,"oui") -> 0 | M4: =COUNTIFS(donnée!AK:AK,">=1,0",donnée!BX:BX,"oui") -> 0 | N4: =COUNTIFS(donnée!AK:AK,">=1,0",donnée!BY:BY,"oui") -> 0 | O4: =COUNTIFS(donnée!AK:AK,">=1,0",donnée!BZ:BZ,"oui") -> 0 | P4: >+1,0 | Q4: =COUNTIFS(donnée!AK:AK,">=1,0",donnée!CA:CA,"oui") -> 0 | R4: =COUNTIFS(donnée!AK:AK,">=1,0",donnée!CB:CB,"oui") -> 0 | S4: =COUNTIFS(donnée!AK:AK,">=1,0",donnée!CC:CC,"oui") -> 0 | T4: =COUNTIFS(donnée!AK:AK,">=1,0",donnée!CD:CD,"oui") -> 0 | U4: =COUNTIFS(donnée!AK:AK,">=1,0",donnée!CE:CE,"oui") -> 0 | V4: =COUNTIFS(donnée!AK:AK,">=1,0",donnée!CF:CF,"oui") -> 0 | W4: >+1,0 | X4: =COUNTIFS(donnée!AK:AK,">=1,0",donnée!CG:CG,"oui") -> 0 | Y4: =COUNTIFS(donnée!AK:AK,">=1,0",donnée!CH:CH,"oui") -> 0 | Z4: =COUNTIFS(donnée!AK:AK,">=1,0",donnée!CI:CI,"oui") -> 0 | AA4: =COUNTIFS(donnée!AK:AK,">=1,0",donnée!CJ:CJ,"oui") -> 0 | AB4: =COUNTIFS(donnée!AK:AK,">=1,0",donnée!CK:CK,"oui") -> 0 | AD4: >+1,0 | AE4: =COUNTIFS(donnée!AK:AK,">=1,0",donnée!CL:CL,"oui") -> 0 | AF4: =COUNTIFS(donnée!AK:AK,">=1,0",donnée!CM:CM,"oui") -> 0 | AG4: =COUNTIFS(donnée!AK:AK,">=1,0",donnée!CN:CN,"oui") -> 0 | AH4: =COUNTIFS(donnée!AK:AK,">=1,0",donnée!CO:CO,"oui") -> 0 | AK4: >+1,0 | AL4: =COUNTIFS(donnée!AK:AK,">=1,0",donnée!CP:CP,"oui") -> 0 | AM4: =COUNTIFS(donnée!AK:AK,">=1,0",donnée!CQ:CQ,"oui") -> 0 | AN4: =COUNTIFS(donnée!AK:AK,">=1,0",donnée!CR:CR,"oui") -> 0 | AO4: =COUNTIFS(donnée!AK:AK,">=1,0",donnée!CS:CS,"oui") -> 0 | AR4: >+1,0 | AS4: =COUNTIFS(donnée!AK:AK,">=1,0",donnée!CT:CT,"oui") -> 0 | AT4: =COUNTIFS(donnée!AK:AK,">=1,0",donnée!CU:CU,"oui") -> 0 | AU4: =COUNTIFS(donnée!AK:AK,">=1,0",donnée!CV:CV,"oui") -> 0 | AV4: =COUNTIFS(donnée!AK:AK,">=1,0",donnée!CW:CW,"oui") -> 0 | AW4: =COUNTIFS(donnée!AK:AK,">=1,0",donnée!CX:CX,"oui") -> 0 | AX4: =COUNTIFS(donnée!AK:AK,">=1,0",donnée!CY:CY,"oui") -> 0 | AY4: =COUNTIFS(donnée!AK:AK,">=1,0",donnée!CZ:CZ,"oui") -> 0
B5: +1,0 à +0,76 | C5: =COUNTIFS(donnée!AK:AK,">=0,76",donnée!AK:AK,"<=1,0",donnée!BO:BO,"oui") -> 0 | D5: =COUNTIFS(donnée!AK:AK,">=0,76",donnée!AK:AK,"<=1,0",donnée!BP:BP,"oui") -> 0 | E5: =COUNTIFS(donnée!AK:AK,">=0,76",donnée!AK:AK,"<=1,0",donnée!BQ:BQ,"oui") -> 0 | F5: =COUNTIFS(donnée!AK:AK,">=0,76",donnée!AK:AK,"<=1,0",donnée!BR:BR,"oui") -> 0 | G5: =COUNTIFS(donnée!AK:AK,">=0,76",donnée!AK:AK,"<=1,0",donnée!BS:BS,"oui") -> 0 | H5: =COUNTIFS(donnée!AK:AK,">=0,76",donnée!AK:AK,"<=1,0",donnée!BT:BT,"oui") -> 0 | I5: +1,0 à +0,76 | J5: =COUNTIFS(donnée!AK:AK,">=0,76",donnée!AK:AK,"<=1,0",donnée!BU:BU,"oui") -> 0 | K5: =COUNTIFS(donnée!AK:AK,">=0,76",donnée!AK:AK,"<=1,0",donnée!BV:BV,"oui") -> 0 | L5: =COUNTIFS(donnée!AK:AK,">=0,76",donnée!AK:AK,"<=1,0",donnée!BW:BW,"oui") -> 0 | M5: =COUNTIFS(donnée!AK:AK,">=0,76",donnée!AK:AK,"<=1,0",donnée!BX:BX,"oui") -> 0 | N5: =COUNTIFS(donnée!AK:AK,">=0,76",donnée!AK:AK,"<=1,0",donnée!BY:BY,"oui") -> 0 | O5: =COUNTIFS(donnée!AK:AK,">=0,76",donnée!AK:AK,"<=1,0",donnée!BZ:BZ,"oui") -> 0 | P5: +1,0 à +0,76 | Q5: =COUNTIFS(donnée!AK:AK,">=0,76",donnée!AK:AK,"<=1,0",donnée!CA:CA,"oui") -> 0 | R5: =COUNTIFS(donnée!AK:AK,">=0,76",donnée!AK:AK,"<=1,0",donnée!CB:CB,"oui") -> 0 | S5: =COUNTIFS(donnée!AK:AK,">=0,76",donnée!AK:AK,"<=1,0",donnée!CC:CC,"oui") -> 0 | T5: =COUNTIFS(donnée!AK:AK,">=0,76",donnée!AK:AK,"<=1,0",donnée!CD:CD,"oui") -> 0 | U5: =COUNTIFS(donnée!AK:AK,">=0,76",donnée!AK:AK,"<=1,0",donnée!CE:CE,"oui") -> 0 | V5: =COUNTIFS(donnée!AK:AK,">=0,76",donnée!AK:AK,"<=1,0",donnée!CF:CF,"oui") -> 0 | W5: +1,0 à +0,76 | X5: =COUNTIFS(donnée!AK:AK,">=0,76",donnée!AK:AK,"<=1,0",donnée!CG:CG,"oui") -> 0 | Y5: =COUNTIFS(donnée!AK:AK,">=0,76",donnée!AK:AK,"<=1,0",donnée!CH:CH,"oui") -> 0 | Z5: =COUNTIFS(donnée!AK:AK,">=0,76",donnée!AK:AK,"<=1,0",donnée!CI:CI,"oui") -> 0 | AA5: =COUNTIFS(donnée!AK:AK,">=0,76",donnée!AK:AK,"<=1,0",donnée!CJ:CJ,"oui") -> 0 | AB5: =COUNTIFS(donnée!AK:AK,">=0,76",donnée!AK:AK,"<=1,0",donnée!CK:CK,"oui") -> 0 | AD5: +1,0 à +0,76 | AE5: =COUNTIFS(donnée!AK:AK,">=0,76",donnée!AK:AK,"<=1,0",donnée!CL:CL,"oui") -> 0 | AF5: =COUNTIFS(donnée!AK:AK,">=0,76",donnée!AK:AK,"<=1,0",donnée!CM:CM,"oui") -> 0 | AG5: =COUNTIFS(donnée!AK:AK,">=0,76",donnée!AK:AK,"<=1,0",donnée!CN:CN,"oui") -> 0 | AH5: =COUNTIFS(donnée!AK:AK,">=0,76",donnée!AK:AK,"<=1,0",donnée!CO:CO,"oui") -> 0 | AK5: +1,0 à +0,76 | AL5: =COUNTIFS(donnée!AK:AK,">=0,76",donnée!AK:AK,"<=1,0",donnée!CP:CP,"oui") -> 0 | AM5: =COUNTIFS(donnée!AK:AK,">=0,76",donnée!AK:AK,"<=1,0",donnée!CQ:CQ,"oui") -> 0 | AN5: =COUNTIFS(donnée!AK:AK,">=0,76",donnée!AK:AK,"<=1,0",donnée!CR:CR,"oui") -> 0 | AO5: =COUNTIFS(donnée!AK:AK,">=0,76",donnée!AK:AK,"<=1,0",donnée!CS:CS,"oui") -> 0 | AR5: +1,0 à +0,76 | AS5: =COUNTIFS(donnée!AK:AK,">=0,76",donnée!AK:AK,"<=1,0",donnée!CT:CT,"oui") -> 0 | AT5: =COUNTIFS(donnée!AK:AK,">=0,76",donnée!AK:AK,"<=1,0",donnée!CU:CU,"oui") -> 0 | AU5: =COUNTIFS(donnée!AK:AK,">=0,76",donnée!AK:AK,"<=1,0",donnée!CV:CV,"oui") -> 0 | AV5: =COUNTIFS(donnée!AK:AK,">=0,76",donnée!AK:AK,"<=1,0",donnée!CW:CW,"oui") -> 0 | AW5: =COUNTIFS(donnée!AK:AK,">=0,76",donnée!AK:AK,"<=1,0",donnée!CX:CX,"oui") -> 0 | AX5: =COUNTIFS(donnée!AK:AK,">=0,76",donnée!AK:AK,"<=1,0",donnée!CY:CY,"oui") -> 0 | AY5: =COUNTIFS(donnée!AK:AK,">=0,76",donnée!AK:AK,"<=1,0",donnée!CZ:CZ,"oui") -> 0
B6: +0,75 à +0,51 | C6: =COUNTIFS(donnée!AK:AK,">=+0,51",donnée!AK:AK,"<=+0,75",donnée!BO:BO,"oui") -> 0 | D6: =COUNTIFS(donnée!AK:AK,">=+0,51",donnée!AK:AK,"<=+0,75",donnée!BP:BP,"oui") -> 0 | E6: =COUNTIFS(donnée!AK:AK,">=+0,51",donnée!AK:AK,"<=+0,75",donnée!BQ:BQ,"oui") -> 0 | F6: =COUNTIFS(donnée!AK:AK,">=+0,51",donnée!AK:AK,"<=+0,75",donnée!BR:BR,"oui") -> 0 | G6: =COUNTIFS(donnée!AK:AK,">=+0,51",donnée!AK:AK,"<=+0,75",donnée!BS:BS,"oui") -> 0 | H6: =COUNTIFS(donnée!AK:AK,">=+0,51",donnée!AK:AK,"<=+0,75",donnée!BT:BT,"oui") -> 0 | I6: +0,75 à +0,51 | J6: =COUNTIFS(donnée!AK:AK,">=+0,51",donnée!AK:AK,"<=+0,75",donnée!BU:BU,"oui") -> 0 | K6: =COUNTIFS(donnée!AK:AK,">=+0,51",donnée!AK:AK,"<=+0,75",donnée!BV:BV,"oui") -> 0 | L6: =COUNTIFS(donnée!AK:AK,">=+0,51",donnée!AK:AK,"<=+0,75",donnée!BW:BW,"oui") -> 0 | M6: =COUNTIFS(donnée!AK:AK,">=+0,51",donnée!AK:AK,"<=+0,75",donnée!BX:BX,"oui") -> 0 | N6: =COUNTIFS(donnée!AK:AK,">=+0,51",donnée!AK:AK,"<=+0,75",donnée!BY:BY,"oui") -> 0 | O6: =COUNTIFS(donnée!AK:AK,">=+0,51",donnée!AK:AK,"<=+0,75",donnée!BZ:BZ,"oui") -> 0 | P6: +0,75 à +0,51 | Q6: =COUNTIFS(donnée!AK:AK,">=+0,51",donnée!AK:AK,"<=+0,75",donnée!CA:CA,"oui") -> 0 | R6: =COUNTIFS(donnée!AK:AK,">=+0,51",donnée!AK:AK,"<=+0,75",donnée!CB:CB,"oui") -> 0 | S6: =COUNTIFS(donnée!AM:AM,">=+0,51",donnée!AM:AM,"<=+0,75",donnée!CC:CC,"oui") -> 0 | T6: =COUNTIFS(donnée!AK:AK,">=+0,51",donnée!AK:AK,"<=+0,75",donnée!CD:CD,"oui") -> 0 | U6: =COUNTIFS(donnée!AK:AK,">=+0,51",donnée!AK:AK,"<=+0,75",donnée!CE:CE,"oui") -> 0 | V6: =COUNTIFS(donnée!AK:AK,">=+0,51",donnée!AK:AK,"<=+0,75",donnée!CF:CF,"oui") -> 0 | W6: +0,75 à +0,51 | X6: =COUNTIFS(donnée!AK:AK,">=+0,51",donnée!AK:AK,"<=+0,75",donnée!CG:CG,"oui") -> 0 | Y6: =COUNTIFS(donnée!AK:AK,">=+0,51",donnée!AK:AK,"<=+0,75",donnée!CH:CH,"oui") -> 0 | Z6: =COUNTIFS(donnée!AK:AK,">=+0,51",donnée!AK:AK,"<=+0,75",donnée!CI:CI,"oui") -> 0 | AA6: =COUNTIFS(donnée!AK:AK,">=+0,51",donnée!AK:AK,"<=+0,75",donnée!CJ:CJ,"oui") -> 0 | AB6: =COUNTIFS(donnée!AK:AK,">=+0,51",donnée!AK:AK,"<=+0,75",donnée!CK:CK,"oui") -> 0 | AD6: +0,75 à +0,51 | AE6: =COUNTIFS(donnée!AK:AK,">=+0,51",donnée!AK:AK,"<=+0,75",donnée!CL:CL,"oui") -> 0 | AF6: =COUNTIFS(donnée!AK:AK,">=+0,51",donnée!AK:AK,"<=+0,75",donnée!CM:CM,"oui") -> 0 | AG6: =COUNTIFS(donnée!AK:AK,">=+0,51",donnée!AK:AK,"<=+0,75",donnée!CN:CN,"oui") -> 0 | AH6: =COUNTIFS(donnée!AK:AK,">=+0,51",donnée!AK:AK,"<=+0,75",donnée!CO:CO,"oui") -> 0 | AK6: +0,75 à +0,51 | AL6: =COUNTIFS(donnée!AK:AK,">=+0,51",donnée!AK:AK,"<=+0,75",donnée!CP:CP,"oui") -> 0 | AM6: =COUNTIFS(donnée!AK:AK,">=+0,51",donnée!AK:AK,"<=+0,75",donnée!CQ:CQ,"oui") -> 0 | AN6: =COUNTIFS(donnée!AK:AK,">=+0,51",donnée!AK:AK,"<=+0,75",donnée!CR:CR,"oui") -> 0 | AO6: =COUNTIFS(donnée!AK:AK,">=+0,51",donnée!AK:AK,"<=+0,75",donnée!CS:CS,"oui") -> 0 | AR6: +0,75 à +0,51 | AS6: =COUNTIFS(donnée!AK:AK,">=+0,51",donnée!AK:AK,"<=+0,75",donnée!CT:CT,"oui") -> 0 | AT6: =COUNTIFS(donnée!AK:AK,">=+0,51",donnée!AK:AK,"<=+0,75",donnée!CU:CU,"oui") -> 0 | AU6: =COUNTIFS(donnée!AK:AK,">=+0,51",donnée!AK:AK,"<=+0,75",donnée!CV:CV,"oui") -> 0 | AV6: =COUNTIFS(donnée!AK:AK,">=+0,51",donnée!AK:AK,"<=+0,75",donnée!CW:CW,"oui") -> 0 | AW6: =COUNTIFS(donnée!AK:AK,">=+0,51",donnée!AK:AK,"<=+0,75",donnée!CX:CX,"oui") -> 0 | AX6: =COUNTIFS(donnée!AK:AK,">=+0,51",donnée!AK:AK,"<=+0,75",donnée!CY:CY,"oui") -> 0 | AY6: =COUNTIFS(donnée!AK:AK,">=+0,51",donnée!AK:AK,"<=+0,75",donnée!CZ:CZ,"oui") -> 0
B7: +0,50 à +0,26 | C7: =COUNTIFS(donnée!AK:AK,">=+0,26",donnée!AK:AK,"<=+0,50",donnée!BO:BO,"oui") -> 0 | D7: =COUNTIFS(donnée!AK:AK,">=+0,26",donnée!AK:AK,"<=+0,50",donnée!BP:BP,"oui") -> 0 | E7: =COUNTIFS(donnée!AK:AK,">=+0,26",donnée!AK:AK,"<=+0,50",donnée!BQ:BQ,"oui") -> 0 | F7: =COUNTIFS(donnée!AK:AK,">=+0,26",donnée!AK:AK,"<=+0,50",donnée!BR:BR,"oui") -> 0 | G7: =COUNTIFS(donnée!AK:AK,">=+0,26",donnée!AK:AK,"<=+0,50",donnée!BS:BS,"oui") -> 0 | H7: =COUNTIFS(donnée!AK:AK,">=+0,26",donnée!AK:AK,"<=+0,50",donnée!BT:BT,"oui") -> 0 | I7: +0,50 à +0,26 | J7: =COUNTIFS(donnée!AK:AK,">=+0,26",donnée!AK:AK,"<=+0,50",donnée!BU:BU,"oui") -> 0 | K7: =COUNTIFS(donnée!AK:AK,">=+0,26",donnée!AK:AK,"<=+0,50",donnée!BV:BV,"oui") -> 0 | L7: =COUNTIFS(donnée!AK:AK,">=+0,26",donnée!AK:AK,"<=+0,50",donnée!BW:BW,"oui") -> 0 | M7: =COUNTIFS(donnée!AK:AK,">=+0,26",donnée!AK:AK,"<=+0,50",donnée!BX:BX,"oui") -> 0 | N7: =COUNTIFS(donnée!AK:AK,">=+0,26",donnée!AK:AK,"<=+0,50",donnée!BY:BY,"oui") -> 0 | O7: =COUNTIFS(donnée!AK:AK,">=+0,26",donnée!AK:AK,"<=+0,50",donnée!BZ:BZ,"oui") -> 0 | P7: +0,50 à +0,26 | Q7: =COUNTIFS(donnée!AK:AK,">=+0,26",donnée!AK:AK,"<=+0,50",donnée!CA:CA,"oui") -> 0 | R7: =COUNTIFS(donnée!AK:AK,">=+0,26",donnée!AK:AK,"<=+0,50",donnée!CB:CB,"oui") -> 0 | S7: =COUNTIFS(donnée!AK:AK,">=+0,26",donnée!AK:AK,"<=+0,50",donnée!CC:CC,"oui") -> 0 | T7: =COUNTIFS(donnée!AK:AK,">=+0,26",donnée!AK:AK,"<=+0,50",donnée!CD:CD,"oui") -> 0 | U7: =COUNTIFS(donnée!AK:AK,">=+0,26",donnée!AK:AK,"<=+0,50",donnée!CE:CE,"oui") -> 0 | V7: =COUNTIFS(donnée!AK:AK,">=+0,26",donnée!AK:AK,"<=+0,50",donnée!CF:CF,"oui") -> 0 | W7: +0,50 à +0,26 | X7: =COUNTIFS(donnée!AK:AK,">=+0,26",donnée!AK:AK,"<=+0,50",donnée!CG:CG,"oui") -> 0 | Y7: =COUNTIFS(donnée!AK:AK,">=+0,26",donnée!AK:AK,"<=+0,50",donnée!CH:CH,"oui") -> 0 | Z7: =COUNTIFS(donnée!AK:AK,">=+0,26",donnée!AK:AK,"<=+0,50",donnée!CI:CI,"oui") -> 0 | AA7: =COUNTIFS(donnée!AK:AK,">=+0,26",donnée!AK:AK,"<=+0,50",donnée!CJ:CJ,"oui") -> 0 | AB7: =COUNTIFS(donnée!AK:AK,">=+0,26",donnée!AK:AK,"<=+0,50",donnée!CK:CK,"oui") -> 0 | AD7: +0,50 à +0,26 | AE7: =COUNTIFS(donnée!AK:AK,">=+0,26",donnée!AK:AK,"<=+0,50",donnée!CL:CL,"oui") -> 0 | AF7: =COUNTIFS(donnée!AK:AK,">=+0,26",donnée!AK:AK,"<=+0,50",donnée!CM:CM,"oui") -> 0 | AG7: =COUNTIFS(donnée!AK:AK,">=+0,26",donnée!AK:AK,"<=+0,50",donnée!CN:CN,"oui") -> 0 | AH7: =COUNTIFS(donnée!AK:AK,">=+0,26",donnée!AK:AK,"<=+0,50",donnée!CO:CO,"oui") -> 0 | AK7: +0,50 à +0,26 | AL7: =COUNTIFS(donnée!AK:AK,">=+0,26",donnée!AK:AK,"<=+0,50",donnée!CP:CP,"oui") -> 0 | AM7: =COUNTIFS(donnée!AK:AK,">=+0,26",donnée!AK:AK,"<=+0,50",donnée!CQ:CQ,"oui") -> 0 | AN7: =COUNTIFS(donnée!AK:AK,">=+0,26",donnée!AK:AK,"<=+0,50",donnée!CR:CR,"oui") -> 0 | AO7: =COUNTIFS(donnée!AK:AK,">=+0,26",donnée!AK:AK,"<=+0,50",donnée!CS:CS,"oui") -> 0 | AR7: +0,50 à +0,26 | AS7: =COUNTIFS(donnée!AK:AK,">=+0,26",donnée!AK:AK,"<=+0,50",donnée!CT:CT,"oui") -> 0 | AT7: =COUNTIFS(donnée!AK:AK,">=+0,26",donnée!AK:AK,"<=+0,50",donnée!CU:CU,"oui") -> 0 | AU7: =COUNTIFS(donnée!AK:AK,">=+0,26",donnée!AK:AK,"<=+0,50",donnée!CV:CV,"oui") -> 0 | AV7: =COUNTIFS(donnée!AK:AK,">=+0,26",donnée!AK:AK,"<=+0,50",donnée!CW:CW,"oui") -> 0 | AW7: =COUNTIFS(donnée!AK:AK,">=+0,26",donnée!AK:AK,"<=+0,50",donnée!CX:CX,"oui") -> 0 | AX7: =COUNTIFS(donnée!AK:AK,">=+0,26",donnée!AK:AK,"<=+0,50",donnée!CY:CY,"oui") -> 0 | AY7: =COUNTIFS(donnée!AK:AK,">=+0,26",donnée!AK:AK,"<=+0,50",donnée!CZ:CZ,"oui") -> 0
B8: +0,25 à -0,25 | C8: =COUNTIFS(donnée!AK:AK,">=-0,25",donnée!AK:AK,"<=+0,25",donnée!BO:BO,"oui") -> 0 | D8: =COUNTIFS(donnée!AK:AK,">=-0,25",donnée!AK:AK,"<=+0,25",donnée!BP:BP,"oui") -> 0 | E8: =COUNTIFS(donnée!AK:AK,">=-0,25",donnée!AK:AK,"<=+0,25",donnée!BQ:BQ,"oui") -> 0 | F8: =COUNTIFS(donnée!AK:AK,">=-0,25",donnée!AK:AK,"<=+0,25",donnée!BR:BR,"oui") -> 0 | G8: =COUNTIFS(donnée!AK:AK,">=-0,25",donnée!AK:AK,"<=+0,25",donnée!BS:BS,"oui") -> 0 | H8: =COUNTIFS(donnée!AK:AK,">=-0,25",donnée!AK:AK,"<=+0,25",donnée!BT:BT,"oui") -> 0 | I8: +0,25 à -0,25 | J8: =COUNTIFS(donnée!AK:AK,">=-0,25",donnée!AK:AK,"<=+0,25",donnée!BU:BU,"oui") -> 0 | K8: =COUNTIFS(donnée!AK:AK,">=-0,25",donnée!AK:AK,"<=+0,25",donnée!BV:BV,"oui") -> 0 | L8: =COUNTIFS(donnée!AK:AK,">=-0,25",donnée!AK:AK,"<=+0,25",donnée!BW:BW,"oui") -> 0 | M8: =COUNTIFS(donnée!AK:AK,">=-0,25",donnée!AK:AK,"<=+0,25",donnée!BX:BX,"oui") -> 0 | N8: =COUNTIFS(donnée!AK:AK,">=-0,25",donnée!AK:AK,"<=+0,25",donnée!BY:BY,"oui") -> 0 | O8: =COUNTIFS(donnée!AK:AK,">=-0,25",donnée!AK:AK,"<=+0,25",donnée!BZ:BZ,"oui") -> 0 | P8: +0,25 à -0,25 | Q8: =COUNTIFS(donnée!AK:AK,">=-0,25",donnée!AK:AK,"<=+0,25",donnée!CA:CA,"oui") -> 0 | R8: =COUNTIFS(donnée!AK:AK,">=-0,25",donnée!AK:AK,"<=+0,25",donnée!CB:CB,"oui") -> 0 | S8: =COUNTIFS(donnée!AK:AK,">=-0,25",donnée!AK:AK,"<=+0,25",donnée!CC:CC,"oui") -> 0 | T8: =COUNTIFS(donnée!AK:AK,">=-0,25",donnée!AK:AK,"<=+0,25",donnée!CD:CD,"oui") -> 0 | U8: =COUNTIFS(donnée!AK:AK,">=-0,25",donnée!AK:AK,"<=+0,25",donnée!CE:CE,"oui") -> 0 | V8: =COUNTIFS(donnée!AK:AK,">=-0,25",donnée!AK:AK,"<=+0,25",donnée!CF:CF,"oui") -> 0 | W8: +0,25 à -0,25 | X8: =COUNTIFS(donnée!AK:AK,">=-0,25",donnée!AK:AK,"<=+0,25",donnée!CG:CG,"oui") -> 0 | Y8: =COUNTIFS(donnée!AK:AK,">=-0,25",donnée!AK:AK,"<=+0,25",donnée!CH:CH,"oui") -> 0 | Z8: =COUNTIFS(donnée!AK:AK,">=-0,25",donnée!AK:AK,"<=+0,25",donnée!CI:CI,"oui") -> 0 | AA8: =COUNTIFS(donnée!AK:AK,">=-0,25",donnée!AK:AK,"<=+0,25",donnée!CJ:CJ,"oui") -> 0 | AB8: =COUNTIFS(donnée!AK:AK,">=-0,25",donnée!AK:AK,"<=+0,25",donnée!CK:CK,"oui") -> 0 | AD8: +0,25 à -0,25 | AE8: =COUNTIFS(donnée!AK:AK,">=-0,25",donnée!AK:AK,"<=+0,25",donnée!CL:CL,"oui") -> 0 | AF8: =COUNTIFS(donnée!AK:AK,">=-0,25",donnée!AK:AK,"<=+0,25",donnée!CM:CM,"oui") -> 0 | AG8: =COUNTIFS(donnée!AK:AK,">=-0,25",donnée!AK:AK,"<=+0,25",donnée!CN:CN,"oui") -> 0 | AH8: =COUNTIFS(donnée!AK:AK,">=-0,25",donnée!AK:AK,"<=+0,25",donnée!CO:CO,"oui") -> 0 | AK8: +0,25 à -0,25 | AL8: =COUNTIFS(donnée!AK:AK,">=-0,25",donnée!AK:AK,"<=+0,25",donnée!CP:CP,"oui") -> 0 | AM8: =COUNTIFS(donnée!AK:AK,">=-0,25",donnée!AK:AK,"<=+0,25",donnée!CQ:CQ,"oui") -> 0 | AN8: =COUNTIFS(donnée!AK:AK,">=-0,25",donnée!AK:AK,"<=+0,25",donnée!CR:CR,"oui") -> 0 | AO8: =COUNTIFS(donnée!AK:AK,">=-0,25",donnée!AK:AK,"<=+0,25",donnée!CS:CS,"oui") -> 0 | AR8: +0,25 à -0,25 | AS8: =COUNTIFS(donnée!AK:AK,">=-0,25",donnée!AK:AK,"<=+0,25",donnée!CT:CT,"oui") -> 0 | AT8: =COUNTIFS(donnée!AK:AK,">=-0,25",donnée!AK:AK,"<=+0,25",donnée!CU:CU,"oui") -> 0 | AU8: =COUNTIFS(donnée!AK:AK,">=-0,25",donnée!AK:AK,"<=+0,25",donnée!CV:CV,"oui") -> 0 | AV8: =COUNTIFS(donnée!AK:AK,">=-0,25",donnée!AK:AK,"<=+0,25",donnée!CW:CW,"oui") -> 0 | AW8: =COUNTIFS(donnée!AK:AK,">=-0,25",donnée!AK:AK,"<=+0,25",donnée!CX:CX,"oui") -> 0 | AX8: =COUNTIFS(donnée!AK:AK,">=-0,25",donnée!AK:AK,"<=+0,25",donnée!CY:CY,"oui") -> 0 | AY8: =COUNTIFS(donnée!AK:AK,">=-0,25",donnée!AK:AK,"<=+0,25",donnée!CZ:CZ,"oui") -> 0
B9: -0,26 à -0,50 | C9: =COUNTIFS(donnée!AK:AK,">=-0,50",donnée!AK:AK,"<=-0,26",donnée!BO:BO,"oui") -> 0 | D9: =COUNTIFS(donnée!AK:AK,">=-0,50",donnée!AK:AK,"<=-0,26",donnée!BP:BP,"oui") -> 0 | E9: =COUNTIFS(donnée!AK:AK,">=-0,50",donnée!AK:AK,"<=-0,26",donnée!BQ:BQ,"oui") -> 0 | F9: =COUNTIFS(donnée!AK:AK,">=-0,50",donnée!AK:AK,"<=-0,26",donnée!BR:BR,"oui") -> 0 | G9: =COUNTIFS(donnée!AK:AK,">=-0,50",donnée!AK:AK,"<=-0,26",donnée!BS:BS,"oui") -> 0 | H9: =COUNTIFS(donnée!AK:AK,">=-0,50",donnée!AK:AK,"<=-0,26",donnée!BT:BT,"oui") -> 0 | I9: -0,26 à -0,50 | J9: =COUNTIFS(donnée!AK:AK,">=-0,50",donnée!AK:AK,"<=-0,26",donnée!BU:BU,"oui") -> 0 | K9: =COUNTIFS(donnée!AK:AK,">=-0,50",donnée!AK:AK,"<=-0,26",donnée!BV:BV,"oui") -> 0 | L9: =COUNTIFS(donnée!AK:AK,">=-0,50",donnée!AK:AK,"<=-0,26",donnée!BW:BW,"oui") -> 0 | M9: =COUNTIFS(donnée!AK:AK,">=-0,50",donnée!AK:AK,"<=-0,26",donnée!BX:BX,"oui") -> 0 | N9: =COUNTIFS(donnée!AK:AK,">=-0,50",donnée!AK:AK,"<=-0,26",donnée!BY:BY,"oui") -> 0 | O9: =COUNTIFS(donnée!AK:AK,">=-0,50",donnée!AK:AK,"<=-0,26",donnée!BZ:BZ,"oui") -> 0 | P9: -0,26 à -0,50 | Q9: =COUNTIFS(donnée!AK:AK,">=-0,50",donnée!AK:AK,"<=-0,26",donnée!CA:CA,"oui") -> 0 | R9: =COUNTIFS(donnée!AK:AK,">=-0,50",donnée!AK:AK,"<=-0,26",donnée!CB:CB,"oui") -> 0 | S9: =COUNTIFS(donnée!AK:AK,">=-0,50",donnée!AK:AK,"<=-0,26",donnée!CC:CC,"oui") -> 0 | T9: =COUNTIFS(donnée!AK:AK,">=-0,50",donnée!AK:AK,"<=-0,26",donnée!CD:CD,"oui") -> 0 | U9: =COUNTIFS(donnée!AK:AK,">=-0,50",donnée!AK:AK,"<=-0,26",donnée!CE:CE,"oui") -> 0 | V9: =COUNTIFS(donnée!AK:AK,">=-0,50",donnée!AK:AK,"<=-0,26",donnée!CF:CF,"oui") -> 0 | W9: -0,26 à -0,50 | X9: =COUNTIFS(donnée!AK:AK,">=-0,50",donnée!AK:AK,"<=-0,26",donnée!CG:CG,"oui") -> 0 | Y9: =COUNTIFS(donnée!AK:AK,">=-0,50",donnée!AK:AK,"<=-0,26",donnée!CH:CH,"oui") -> 0 | Z9: =COUNTIFS(donnée!AK:AK,">=-0,50",donnée!AK:AK,"<=-0,26",donnée!CI:CI,"oui") -> 0 | AA9: =COUNTIFS(donnée!AK:AK,">=-0,50",donnée!AK:AK,"<=-0,26",donnée!CJ:CJ,"oui") -> 0 | AB9: =COUNTIFS(donnée!AK:AK,">=-0,50",donnée!AK:AK,"<=-0,26",donnée!CK:CK,"oui") -> 0 | AD9: -0,26 à -0,50 | AE9: =COUNTIFS(donnée!AK:AK,">=-0,50",donnée!AK:AK,"<=-0,26",donnée!CL:CL,"oui") -> 0 | AF9: =COUNTIFS(donnée!AK:AK,">=-0,50",donnée!AK:AK,"<=-0,26",donnée!CM:CM,"oui") -> 0 | AG9: =COUNTIFS(donnée!AK:AK,">=-0,50",donnée!AK:AK,"<=-0,26",donnée!CN:CN,"oui") -> 0 | AH9: =COUNTIFS(donnée!AK:AK,">=-0,50",donnée!AK:AK,"<=-0,26",donnée!CO:CO,"oui") -> 0 | AK9: -0,26 à -0,50 | AL9: =COUNTIFS(donnée!AK:AK,">=-0,50",donnée!AK:AK,"<=-0,26",donnée!CP:CP,"oui") -> 0 | AM9: =COUNTIFS(donnée!AK:AK,">=-0,50",donnée!AK:AK,"<=-0,26",donnée!CQ:CQ,"oui") -> 0 | AN9: =COUNTIFS(donnée!AK:AK,">=-0,50",donnée!AK:AK,"<=-0,26",donnée!CR:CR,"oui") -> 0 | AO9: =COUNTIFS(donnée!AK:AK,">=-0,50",donnée!AK:AK,"<=-0,26",donnée!CS:CS,"oui") -> 0 | AR9: -0,26 à -0,50 | AS9: =COUNTIFS(donnée!AK:AK,">=-0,50",donnée!AK:AK,"<=-0,26",donnée!CT:CT,"oui") -> 0 | AT9: =COUNTIFS(donnée!AK:AK,">=-0,50",donnée!AK:AK,"<=-0,26",donnée!CU:CU,"oui") -> 0 | AU9: =COUNTIFS(donnée!AK:AK,">=-0,50",donnée!AK:AK,"<=-0,26",donnée!CV:CV,"oui") -> 0 | AV9: =COUNTIFS(donnée!AK:AK,">=-0,50",donnée!AK:AK,"<=-0,26",donnée!CW:CW,"oui") -> 0 | AW9: =COUNTIFS(donnée!AK:AK,">=-0,50",donnée!AK:AK,"<=-0,26",donnée!CX:CX,"oui") -> 0 | AX9: =COUNTIFS(donnée!AK:AK,">=-0,50",donnée!AK:AK,"<=-0,26",donnée!CY:CY,"oui") -> 0 | AY9: =COUNTIFS(donnée!AK:AK,">=-0,50",donnée!AK:AK,"<=-0,26",donnée!CZ:CZ,"oui") -> 0
B10: -0,51 à -0,75 | C10: =COUNTIFS(donnée!AK:AK,">=-0,75",donnée!AK:AK,"<=-0,51",donnée!BO:BO,"oui") -> 0 | D10: =COUNTIFS(donnée!AK:AK,">=-0,75",donnée!AK:AK,"<=-0,51",donnée!BP:BP,"oui") -> 0 | E10: =COUNTIFS(donnée!AK:AK,">=-0,75",donnée!AK:AK,"<=-0,51",donnée!BQ:BQ,"oui") -> 0 | F10: =COUNTIFS(donnée!AK:AK,">=-0,75",donnée!AK:AK,"<=-0,51",donnée!BR:BR,"oui") -> 0 | G10: =COUNTIFS(donnée!AK:AK,">=-0,75",donnée!AK:AK,"<=-0,51",donnée!BS:BS,"oui") -> 0 | H10: =COUNTIFS(donnée!AK:AK,">=-0,75",donnée!AK:AK,"<=-0,51",donnée!BT:BT,"oui") -> 0 | I10: -0,51 à -0,75 | J10: =COUNTIFS(donnée!AK:AK,">=-0,75",donnée!AK:AK,"<=-0,51",donnée!BU:BU,"oui") -> 0 | K10: =COUNTIFS(donnée!AK:AK,">=-0,75",donnée!AK:AK,"<=-0,51",donnée!BV:BV,"oui") -> 0 | L10: =COUNTIFS(donnée!AK:AK,">=-0,75",donnée!AK:AK,"<=-0,51",donnée!BW:BW,"oui") -> 0 | M10: =COUNTIFS(donnée!AK:AK,">=-0,75",donnée!AK:AK,"<=-0,51",donnée!BX:BX,"oui") -> 0 | N10: =COUNTIFS(donnée!AK:AK,">=-0,75",donnée!AK:AK,"<=-0,51",donnée!BY:BY,"oui") -> 0 | O10: =COUNTIFS(donnée!AP:AP,">=-0,75",donnée!AP:AP,"<=-0,51",donnée!BZ:BZ,"oui") -> 0 | P10: -0,51 à -0,75 | Q10: =COUNTIFS(donnée!AK:AK,">=-0,75",donnée!AK:AK,"<=-0,51",donnée!CA:CA,"oui") -> 0 | R10: =COUNTIFS(donnée!AK:AK,">=-0,75",donnée!AK:AK,"<=-0,51",donnée!CB:CB,"oui") -> 0 | S10: =COUNTIFS(donnée!AK:AK,">=-0,75",donnée!AK:AK,"<=-0,51",donnée!CC:CC,"oui") -> 0 | T10: =COUNTIFS(donnée!AK:AK,">=-0,75",donnée!AK:AK,"<=-0,51",donnée!CD:CD,"oui") -> 0 | U10: =COUNTIFS(donnée!AK:AK,">=-0,75",donnée!AK:AK,"<=-0,51",donnée!CE:CE,"oui") -> 0 | V10: =COUNTIFS(donnée!AK:AK,">=-0,75",donnée!AK:AK,"<=-0,51",donnée!CF:CF,"oui") -> 0 | W10: -0,51 à -0,75 | X10: =COUNTIFS(donnée!AK:AK,">=-0,75",donnée!AK:AK,"<=-0,51",donnée!CG:CG,"oui") -> 0 | Y10: =COUNTIFS(donnée!AK:AK,">=-0,75",donnée!AK:AK,"<=-0,51",donnée!CH:CH,"oui") -> 0 | Z10: =COUNTIFS(donnée!AK:AK,">=-0,75",donnée!AK:AK,"<=-0,51",donnée!CI:CI,"oui") -> 0 | AA10: =COUNTIFS(donnée!AK:AK,">=-0,75",donnée!AK:AK,"<=-0,51",donnée!CJ:CJ,"oui") -> 0 | AB10: =COUNTIFS(donnée!AK:AK,">=-0,75",donnée!AK:AK,"<=-0,51",donnée!CK:CK,"oui") -> 0 | AD10: -0,51 à -0,75 | AE10: =COUNTIFS(donnée!AK:AK,">=-0,75",donnée!AK:AK,"<=-0,51",donnée!CL:CL,"oui") -> 0 | AF10: =COUNTIFS(donnée!AK:AK,">=-0,75",donnée!AK:AK,"<=-0,51",donnée!CM:CM,"oui") -> 0 | AG10: =COUNTIFS(donnée!AK:AK,">=-0,75",donnée!AK:AK,"<=-0,51",donnée!CN:CN,"oui") -> 0 | AH10: =COUNTIFS(donnée!AK:AK,">=-0,75",donnée!AK:AK,"<=-0,51",donnée!CO:CO,"oui") -> 0 | AK10: -0,51 à -0,75 | AL10: =COUNTIFS(donnée!AK:AK,">=-0,75",donnée!AK:AK,"<=-0,51",donnée!CP:CP,"oui") -> 0 | AM10: =COUNTIFS(donnée!AK:AK,">=-0,75",donnée!AK:AK,"<=-0,51",donnée!CQ:CQ,"oui") -> 0 | AN10: =COUNTIFS(donnée!AK:AK,">=-0,75",donnée!AK:AK,"<=-0,51",donnée!CR:CR,"oui") -> 0 | AO10: =COUNTIFS(donnée!AK:AK,">=-0,75",donnée!AK:AK,"<=-0,51",donnée!CS:CS,"oui") -> 0 | AR10: -0,51 à -0,75 | AS10: =COUNTIFS(donnée!AK:AK,">=-0,75",donnée!AK:AK,"<=-0,51",donnée!CT:CT,"oui") -> 0 | AT10: =COUNTIFS(donnée!AK:AK,">=-0,75",donnée!AK:AK,"<=-0,51",donnée!CU:CU,"oui") -> 0 | AU10: =COUNTIFS(donnée!AK:AK,">=-0,75",donnée!AK:AK,"<=-0,51",donnée!CV:CV,"oui") -> 0 | AV10: =COUNTIFS(donnée!AK:AK,">=-0,75",donnée!AK:AK,"<=-0,51",donnée!CW:CW,"oui") -> 0 | AW10: =COUNTIFS(donnée!AK:AK,">=-0,75",donnée!AK:AK,"<=-0,51",donnée!CX:CX,"oui") -> 0 | AX10: =COUNTIFS(donnée!AK:AK,">=-0,75",donnée!AK:AK,"<=-0,51",donnée!CY:CY,"oui") -> 0 | AY10: =COUNTIFS(donnée!AK:AK,">=-0,75",donnée!AK:AK,"<=-0,51",donnée!CZ:CZ,"oui") -> 0
B11: -0,76 -1,0 | C11: =COUNTIFS(donnée!AK:AK,">=-1,0",donnée!AK:AK,"<=-0,76",donnée!BO:BO,"oui") -> 0 | D11: =COUNTIFS(donnée!AK:AK,">=-1,0",donnée!AK:AK,"<=-0,76",donnée!BP:BP,"oui") -> 0 | E11: =COUNTIFS(donnée!AK:AK,">=-1,0",donnée!AK:AK,"<=-0,76",donnée!BQ:BQ,"oui") -> 0 | F11: =COUNTIFS(donnée!AK:AK,">=-1,0",donnée!AK:AK,"<=-0,76",donnée!BR:BR,"oui") -> 0 | G11: =COUNTIFS(donnée!AK:AK,">=-1,0",donnée!AK:AK,"<=-0,76",donnée!BS:BS,"oui") -> 0 | H11: =COUNTIFS(donnée!AK:AK,">=-1,0",donnée!AK:AK,"<=-0,76",donnée!BT:BT,"oui") -> 0 | I11: -0,76 -1,0 | J11: =COUNTIFS(donnée!AK:AK,">=-1,0",donnée!AK:AK,"<=-0,76",donnée!BU:BU,"oui") -> 0 | K11: =COUNTIFS(donnée!AK:AK,">=-1,0",donnée!AK:AK,"<=-0,76",donnée!BV:BV,"oui") -> 0 | L11: =COUNTIFS(donnée!AK:AK,">=-1,0",donnée!AK:AK,"<=-0,76",donnée!BW:BW,"oui") -> 0 | M11: =COUNTIFS(donnée!AK:AK,">=-1,0",donnée!AK:AK,"<=-0,76",donnée!BX:BX,"oui") -> 0 | N11: =COUNTIFS(donnée!AK:AK,">=-1,0",donnée!AK:AK,"<=-0,76",donnée!BY:BY,"oui") -> 0 | O11: =COUNTIFS(donnée!AK:AK,">=-1,0",donnée!AK:AK,"<=-0,76",donnée!BZ:BZ,"oui") -> 0 | P11: -0,76 -1,0 | Q11: =COUNTIFS(donnée!AK:AK,">=-1,0",donnée!AK:AK,"<=-0,76",donnée!CA:CA,"oui") -> 0 | R11: =COUNTIFS(donnée!AK:AK,">=-1,0",donnée!AK:AK,"<=-0,76",donnée!CB:CB,"oui") -> 0 | S11: =COUNTIFS(donnée!AK:AK,">=-1,0",donnée!AK:AK,"<=-0,76",donnée!CC:CC,"oui") -> 0 | T11: =COUNTIFS(donnée!AK:AK,">=-1,0",donnée!AK:AK,"<=-0,76",donnée!CD:CD,"oui") -> 0 | U11: =COUNTIFS(donnée!AK:AK,">=-1,0",donnée!AK:AK,"<=-0,76",donnée!CE:CE,"oui") -> 0 | V11: =COUNTIFS(donnée!AK:AK,">=-1,0",donnée!AK:AK,"<=-0,76",donnée!CF:CF,"oui") -> 0 | W11: -0,76 -1,0 | X11: =COUNTIFS(donnée!AK:AK,">=-1,0",donnée!AK:AK,"<=-0,76",donnée!CG:CG,"oui") -> 0 | Y11: =COUNTIFS(donnée!AK:AK,">=-1,0",donnée!AK:AK,"<=-0,76",donnée!CH:CH,"oui") -> 0 | Z11: =COUNTIFS(donnée!AK:AK,">=-1,0",donnée!AK:AK,"<=-0,76",donnée!CI:CI,"oui") -> 0 | AA11: =COUNTIFS(donnée!AK:AK,">=-1,0",donnée!AK:AK,"<=-0,76",donnée!CJ:CJ,"oui") -> 0 | AB11: =COUNTIFS(donnée!AK:AK,">=-1,0",donnée!AK:AK,"<=-0,76",donnée!CK:CK,"oui") -> 0 | AD11: -0,76 -1,0 | AE11: =COUNTIFS(donnée!AK:AK,">=-1,0",donnée!AK:AK,"<=-0,76",donnée!CL:CL,"oui") -> 0 | AF11: =COUNTIFS(donnée!AK:AK,">=-1,0",donnée!AK:AK,"<=-0,76",donnée!CM:CM,"oui") -> 0 | AG11: =COUNTIFS(donnée!AK:AK,">=-1,0",donnée!AK:AK,"<=-0,76",donnée!CN:CN,"oui") -> 0 | AH11: =COUNTIFS(donnée!AK:AK,">=-1,0",donnée!AK:AK,"<=-0,76",donnée!CO:CO,"oui") -> 0 | AK11: -0,76 -1,0 | AL11: =COUNTIFS(donnée!AK:AK,">=-1,0",donnée!AK:AK,"<=-0,76",donnée!CP:CP,"oui") -> 0 | AM11: =COUNTIFS(donnée!AK:AK,">=-1,0",donnée!AK:AK,"<=-0,76",donnée!CQ:CQ,"oui") -> 0 | AN11: =COUNTIFS(donnée!AK:AK,">=-1,0",donnée!AK:AK,"<=-0,76",donnée!CR:CR,"oui") -> 0 | AO11: =COUNTIFS(donnée!AK:AK,">=-1,0",donnée!AK:AK,"<=-0,76",donnée!CS:CS,"oui") -> 0 | AR11: -0,76 -1,0 | AS11: =COUNTIFS(donnée!AK:AK,">=-1,0",donnée!AK:AK,"<=-0,76",donnée!CT:CT,"oui") -> 0 | AT11: =COUNTIFS(donnée!AK:AK,">=-1,0",donnée!AK:AK,"<=-0,76",donnée!CU:CU,"oui") -> 0 | AU11: =COUNTIFS(donnée!AK:AK,">=-1,0",donnée!AK:AK,"<=-0,76",donnée!CV:CV,"oui") -> 0 | AV11: =COUNTIFS(donnée!AK:AK,">=-1,0",donnée!AK:AK,"<=-0,76",donnée!CW:CW,"oui") -> 0 | AW11: =COUNTIFS(donnée!AK:AK,">=-1,0",donnée!AK:AK,"<=-0,76",donnée!CX:CX,"oui") -> 0 | AX11: =COUNTIFS(donnée!AK:AK,">=-1,0",donnée!AK:AK,"<=-0,76",donnée!CY:CY,"oui") -> 0 | AY11: =COUNTIFS(donnée!AK:AK,">=-1,0",donnée!AK:AK,"<=-0,76",donnée!CZ:CZ,"oui") -> 0
B12: > -1,0 | C12: =COUNTIFS(donnée!AK:AK,"<=-1,0",donnée!BO:BO,"oui") -> 0 | D12: =COUNTIFS(donnée!AK:AK,"<=-1,0",donnée!BP:BP,"oui") -> 0 | E12: =COUNTIFS(donnée!AK:AK,"<=-1,0",donnée!BQ:BQ,"oui") -> 0 | F12: =COUNTIFS(donnée!AK:AK,"<=-1,0",donnée!BR:BR,"oui") -> 0 | G12: =COUNTIFS(donnée!AK:AK,"<=-1,0",donnée!BS:BS,"oui") -> 0 | H12: =COUNTIFS(donnée!AK:AK,"<=-1,0",donnée!BT:BT,"oui") -> 0 | I12: > -1,0 | J12: =COUNTIFS(donnée!AK:AK,"<=-1,0",donnée!BU:BU,"oui") -> 0 | K12: =COUNTIFS(donnée!AK:AK,"<=-1,0",donnée!BV:BV,"oui") -> 0 | L12: =COUNTIFS(donnée!AK:AK,"<=-1,0",donnée!BW:BW,"oui") -> 0 | M12: =COUNTIFS(donnée!AK:AK,"<=-1,0",donnée!BX:BX,"oui") -> 0 | N12: =COUNTIFS(donnée!AK:AK,"<=-1,0",donnée!BY:BY,"oui") -> 0 | O12: =COUNTIFS(donnée!AK:AK,"<=-1,0",donnée!BZ:BZ,"oui") -> 0 | P12: > -1,0 | Q12: =COUNTIFS(donnée!AK:AK,"<=-1,0",donnée!CA:CA,"oui") -> 0 | R12: =COUNTIFS(donnée!AK:AK,"<=-1,0",donnée!CB:CB,"oui") -> 0 | S12: =COUNTIFS(donnée!AK:AK,"<=-1,0",donnée!CC:CC,"oui") -> 0 | T12: =COUNTIFS(donnée!AK:AK,"<=-1,0",donnée!CD:CD,"oui") -> 0 | U12: =COUNTIFS(donnée!AK:AK,"<=-1,0",donnée!CE:CE,"oui") -> 0 | V12: =COUNTIFS(donnée!AK:AK,"<=-1,0",donnée!CF:CF,"oui") -> 0 | W12: > -1,0 | X12: =COUNTIFS(donnée!AK:AK,"<=-1,0",donnée!CG:CG,"oui") -> 0 | Y12: =COUNTIFS(donnée!AK:AK,"<=-1,0",donnée!CH:CH,"oui") -> 0 | Z12: =COUNTIFS(donnée!AK:AK,"<=-1,0",donnée!CI:CI,"oui") -> 0 | AA12: =COUNTIFS(donnée!AK:AK,"<=-1,0",donnée!CJ:CJ,"oui") -> 0 | AB12: =COUNTIFS(donnée!AK:AK,"<=-1,0",donnée!CK:CK,"oui") -> 0 | AD12: > -1,0 | AE12: =COUNTIFS(donnée!AK:AK,"<=-1,0",donnée!CL:CL,"oui") -> 0 | AF12: =COUNTIFS(donnée!AK:AK,"<=-1,0",donnée!CM:CM,"oui") -> 0 | AG12: =COUNTIFS(donnée!AK:AK,"<=-1,0",donnée!CN:CN,"oui") -> 0 | AH12: =COUNTIFS(donnée!AK:AK,"<=-1,0",donnée!CO:CO,"oui") -> 0 | AK12: > -1,0 | AL12: =COUNTIFS(donnée!AK:AK,"<=-1,0",donnée!CP:CP,"oui") -> 0 | AM12: =COUNTIFS(donnée!AK:AK,"<=-1,0",donnée!CQ:CQ,"oui") -> 0 | AN12: =COUNTIFS(donnée!AK:AK,"<=-1,0",donnée!CR:CR,"oui") -> 0 | AO12: =COUNTIFS(donnée!AK:AK,"<=-1,0",donnée!CS:CS,"oui") -> 0 | AR12: > -1,0 | AS12: =COUNTIFS(donnée!AK:AK,"<=-1,0",donnée!CT:CT,"oui") -> 0 | AT12: =COUNTIFS(donnée!AK:AK,"<=-1,0",donnée!CU:CU,"oui") -> 0 | AU12: =COUNTIFS(donnée!AK:AK,"<=-1,0",donnée!CV:CV,"oui") -> 0 | AV12: =COUNTIFS(donnée!AK:AK,"<=-1,0",donnée!CW:CW,"oui") -> 0 | AW12: =COUNTIFS(donnée!AK:AK,"<=-1,0",donnée!CX:CX,"oui") -> 0 | AX12: =COUNTIFS(donnée!AK:AK,"<=-1,0",donnée!CY:CY,"oui") -> 0 | AY12: =COUNTIFS(donnée!AK:AK,"<=-1,0",donnée!CZ:CZ,"oui") -> 0
C30: PUISSANCE IOL =>30 | D30: PUISSANCE IOL 30 => 25 | E30: PUISSANCE IOL 25 => 15 | F30: PUISSANCE IOL 15 => 10 | G30: PUISSANCE IOL 10 => 0 | H30: PUISSANCE IOL 0=> | J30: œil extrème >28mm | K30: Œil très long 28>26 | L30: Œil long 26>24,5 | M30: Œil long NORMAL 24,5>22,5 | N30: Œil court 22,5>20 | O30: Œil très court <20 | Q30: K extrème >48,5 | R30: K CAMBRE 48,5>46,5 | S30: K CAMBRE- 46,5>45 | T30: K NORM 45>43 | U30: K PLAT- 43>41 | V30: K PLAT >41,0 | X30: CA extrème >4,0 | Y30: CA profonde 4>3,5 | Z30: CA NORM 3,5>2,5 | AA30: CA ETROITE 2,5>2,0 | AB30: CA tres etroite <2,0 | AE30: LT TRES EPAIS >5,3 | AF30: LT EPAIS 5,3>4,9 | AG30: LT NORMAL 4,9>3,8 | AH30: LT FIN>3,8 | AL30: WTW EXTREME >13 | AM30: WTW GRAND 13>12,5 | AN30: WTW NORM 12,5>11,5 | AO30: WTW PETITE <11,5 | AS30: AGE +90 | AT30: AGE 89 => 80 | AU30: AGE 80 => 70 | AV30: AGE 69 => 60 | AW30: AGE 59 => 50 | AX30: AGE 49 => 40 | AY30: AGE -39
B31: HAIGIS | I31: HAIGIS | P31: HAIGIS | W31: HAIGIS | AD31: HAIGIS | AK31: HAIGIS | AR31: HAIGIS
A32: =COUNTIFS(donnée!AN:AN,">=1,0") -> 0 | B32: >+1,0 | C32: =COUNTIFS(donnée!AN:AN,">=1,0",donnée!BO:BO,"oui") -> 0 | D32: =COUNTIFS(donnée!AN:AN,">=1,0",donnée!BP:BP,"oui") -> 0 | E32: =COUNTIFS(donnée!AN:AN,">=1,0",donnée!BQ:BQ,"oui") -> 0 | F32: =COUNTIFS(donnée!AN:AN,">=1,0",donnée!BR:BR,"oui") -> 0 | G32: =COUNTIFS(donnée!AN:AN,">=1,0",donnée!BS:BS,"oui") -> 0 | H32: =COUNTIFS(donnée!AN:AN,">=1,0",donnée!BT:BT,"oui") -> 0 | I32: >+1,0 | J32: =COUNTIFS(donnée!AN:AN,">=1,0",donnée!BU:BU,"oui") -> 0 | K32: =COUNTIFS(donnée!AN:AN,">=1,0",donnée!BV:BV,"oui") -> 0 | L32: =COUNTIFS(donnée!AN:AN,">=1,0",donnée!BW:BW,"oui") -> 0 | M32: =COUNTIFS(donnée!AN:AN,">=1,0",donnée!BX:BX,"oui") -> 0 | N32: =COUNTIFS(donnée!AN:AN,">=1,0",donnée!BY:BY,"oui") -> 0 | O32: =COUNTIFS(donnée!AN:AN,">=1,0",donnée!BZ:BZ,"oui") -> 0 | P32: >+1,0 | Q32: =COUNTIFS(donnée!AN:AN,">=1,0",donnée!CA:CA,"oui") -> 0 | R32: =COUNTIFS(donnée!AN:AN,">=1,0",donnée!CB:CB,"oui") -> 0 | S32: =COUNTIFS(donnée!AN:AN,">=1,0",donnée!CC:CC,"oui") -> 0 | T32: =COUNTIFS(donnée!AN:AN,">=1,0",donnée!CD:CD,"oui") -> 0 | U32: =COUNTIFS(donnée!AN:AN,">=1,0",donnée!CE:CE,"oui") -> 0 | V32: =COUNTIFS(donnée!AN:AN,">=1,0",donnée!CF:CF,"oui") -> 0 | W32: >+1,0 | X32: =COUNTIFS(donnée!AN:AN,">=1,0",donnée!CG:CG,"oui") -> 0 | Y32: =COUNTIFS(donnée!AN:AN,">=1,0",donnée!CH:CH,"oui") -> 0 | Z32: =COUNTIFS(donnée!AN:AN,">=1,0",donnée!CI:CI,"oui") -> 0 | AA32: =COUNTIFS(donnée!AN:AN,">=1,0",donnée!CJ:CJ,"oui") -> 0 | AB32: =COUNTIFS(donnée!AN:AN,">=1,0",donnée!CK:CK,"oui") -> 0 | AD32: >+1,0 | AE32: =COUNTIFS(donnée!AN:AN,">=1,0",donnée!CL:CL,"oui") -> 0 | AF32: =COUNTIFS(donnée!AN:AN,">=1,0",donnée!CM:CM,"oui") -> 0 | AG32: =COUNTIFS(donnée!AN:AN,">=1,0",donnée!CN:CN,"oui") -> 0 | AH32: =COUNTIFS(donnée!AN:AN,">=1,0",donnée!CO:CO,"oui") -> 0 | AK32: >+1,0 | AL32: =COUNTIFS(donnée!AN:AN,">=1,0",donnée!CP:CP,"oui") -> 0 | AM32: =COUNTIFS(donnée!AN:AN,">=1,0",donnée!CQ:CQ,"oui") -> 0 | AN32: =COUNTIFS(donnée!AN:AN,">=1,0",donnée!CR:CR,"oui") -> 0 | AO32: =COUNTIFS(donnée!AN:AN,">=1,0",donnée!CS:CS,"oui") -> 0 | AR32: >+1,0 | AS32: =COUNTIFS(donnée!$AN:$AN,">=1,0",donnée!CT:CT,"oui") -> 0 | AT32: =COUNTIFS(donnée!$AN:$AN,">=1,0",donnée!CU:CU,"oui") -> 0 | AU32: =COUNTIFS(donnée!$AN:$AN,">=1,0",donnée!CV:CV,"oui") -> 0 | AV32: =COUNTIFS(donnée!$AN:$AN,">=1,0",donnée!CW:CW,"oui") -> 0 | AW32: =COUNTIFS(donnée!$AN:$AN,">=1,0",donnée!CX:CX,"oui") -> 0 | AX32: =COUNTIFS(donnée!$AN:$AN,">=1,0",donnée!CY:CY,"oui") -> 0 | AY32: =COUNTIFS(donnée!$AN:$AN,">=1,0",donnée!CZ:CZ,"oui") -> 0
A33: =COUNTIFS(donnée!AN:AN,">=0,76",donnée!AN:AN,"<=1,0") -> 0 | B33: +1,0 à +0,76 | C33: =COUNTIFS(donnée!AN:AN,">=0,76",donnée!AN:AN,"<=1,0",donnée!BO:BO,"oui") -> 0 | D33: =COUNTIFS(donnée!AN:AN,">=0,76",donnée!AN:AN,"<=1,0",donnée!BP:BP,"oui") -> 0 | E33: =COUNTIFS(donnée!AN:AN,">=0,76",donnée!AN:AN,"<=1,0",donnée!BQ:BQ,"oui") -> 0 | F33: =COUNTIFS(donnée!AN:AN,">=0,76",donnée!AN:AN,"<=1,0",donnée!BR:BR,"oui") -> 0 | G33: =COUNTIFS(donnée!AN:AN,">=0,76",donnée!AN:AN,"<=1,0",donnée!BS:BS,"oui") -> 0 | H33: =COUNTIFS(donnée!AN:AN,">=0,76",donnée!AN:AN,"<=1,0",donnée!BT:BT,"oui") -> 0 | I33: +1,0 à +0,76 | J33: =COUNTIFS(donnée!AN:AN,">=0,76",donnée!AN:AN,"<=1,0",donnée!BU:BU,"oui") -> 0 | K33: =COUNTIFS(donnée!AN:AN,">=0,76",donnée!AN:AN,"<=1,0",donnée!BV:BV,"oui") -> 0 | L33: =COUNTIFS(donnée!AN:AN,">=0,76",donnée!AN:AN,"<=1,0",donnée!BW:BW,"oui") -> 0 | M33: =COUNTIFS(donnée!AN:AN,">=0,76",donnée!AN:AN,"<=1,0",donnée!BX:BX,"oui") -> 0 | N33: =COUNTIFS(donnée!AN:AN,">=0,76",donnée!AR:AR,"<=1,0",donnée!BY:BY,"oui") -> 0 | O33: =COUNTIFS(donnée!AN:AN,">=0,76",donnée!AN:AN,"<=1,0",donnée!BZ:BZ,"oui") -> 0 | P33: +1,0 à +0,76 | Q33: =COUNTIFS(donnée!AN:AN,">=0,76",donnée!AN:AN,"<=1,0",donnée!CA:CA,"oui") -> 0 | R33: =COUNTIFS(donnée!AN:AN,">=0,76",donnée!AN:AN,"<=1,0",donnée!CB:CB,"oui") -> 0 | S33: =COUNTIFS(donnée!AN:AN,">=0,76",donnée!AN:AN,"<=1,0",donnée!CC:CC,"oui") -> 0 | T33: =COUNTIFS(donnée!AN:AN,">=0,76",donnée!AN:AN,"<=1,0",donnée!CD:CD,"oui") -> 0 | U33: =COUNTIFS(donnée!AN:AN,">=0,76",donnée!AN:AN,"<=1,0",donnée!CE:CE,"oui") -> 0 | V33: =COUNTIFS(donnée!AN:AN,">=0,76",donnée!AN:AN,"<=1,0",donnée!CF:CF,"oui") -> 0 | W33: +1,0 à +0,76 | X33: =COUNTIFS(donnée!AN:AN,">=0,76",donnée!AN:AN,"<=1,0",donnée!CG:CG,"oui") -> 0 | Y33: =COUNTIFS(donnée!AN:AN,">=0,76",donnée!AN:AN,"<=1,0",donnée!CH:CH,"oui") -> 0 | Z33: =COUNTIFS(donnée!AN:AN,">=0,76",donnée!AN:AN,"<=1,0",donnée!CI:CI,"oui") -> 0 | AA33: =COUNTIFS(donnée!AN:AN,">=0,76",donnée!AN:AN,"<=1,0",donnée!CJ:CJ,"oui") -> 0 | AB33: =COUNTIFS(donnée!AN:AN,">=0,76",donnée!AN:AN,"<=1,0",donnée!CK:CK,"oui") -> 0 | AD33: +1,0 à +0,76 | AE33: =COUNTIFS(donnée!AN:AN,">=0,76",donnée!AN:AN,"<=1,0",donnée!CL:CL,"oui") -> 0 | AF33: =COUNTIFS(donnée!AN:AN,">=0,76",donnée!AN:AN,"<=1,0",donnée!CM:CM,"oui") -> 0 | AG33: =COUNTIFS(donnée!AN:AN,">=0,76",donnée!AN:AN,"<=1,0",donnée!CN:CN,"oui") -> 0 | AH33: =COUNTIFS(donnée!AN:AN,">=0,76",donnée!AN:AN,"<=1,0",donnée!CO:CO,"oui") -> 0 | AK33: +1,0 à +0,76 | AL33: =COUNTIFS(donnée!AN:AN,">=0,76",donnée!AN:AN,"<=1,0",donnée!CP:CP,"oui") -> 0 | AM33: =COUNTIFS(donnée!AN:AN,">=0,76",donnée!AN:AN,"<=1,0",donnée!CQ:CQ,"oui") -> 0 | AN33: =COUNTIFS(donnée!AN:AN,">=0,76",donnée!AN:AN,"<=1,0",donnée!CR:CR,"oui") -> 0 | AO33: =COUNTIFS(donnée!AN:AN,">=0,76",donnée!AN:AN,"<=1,0",donnée!CS:CS,"oui") -> 0 | AR33: +1,0 à +0,76 | AS33: =COUNTIFS(donnée!$AN:$AN,">=0,76",donnée!$AN:$AN,"<=1,0",donnée!CT:CT,"oui") -> 0 | AT33: =COUNTIFS(donnée!$AN:$AN,">=0,76",donnée!$AN:$AN,"<=1,0",donnée!CU:CU,"oui") -> 0 | AU33: =COUNTIFS(donnée!$AN:$AN,">=0,76",donnée!$AN:$AN,"<=1,0",donnée!CV:CV,"oui") -> 0 | AV33: =COUNTIFS(donnée!$AN:$AN,">=0,76",donnée!$AN:$AN,"<=1,0",donnée!CW:CW,"oui") -> 0 | AW33: =COUNTIFS(donnée!$AN:$AN,">=0,76",donnée!$AN:$AN,"<=1,0",donnée!CX:CX,"oui") -> 0 | AX33: =COUNTIFS(donnée!$AN:$AN,">=0,76",donnée!$AN:$AN,"<=1,0",donnée!CY:CY,"oui") -> 0 | AY33: =COUNTIFS(donnée!$AN:$AN,">=0,76",donnée!$AN:$AN,"<=1,0",donnée!CZ:CZ,"oui") -> 0
A34: =COUNTIFS(donnée!AN:AN,">=+0,51",donnée!AN:AN,"<=+0,75") -> 0 | B34: +0,75 à +0,51 | C34: =COUNTIFS(donnée!AN:AN,">=+0,51",donnée!AN:AN,"<=+0,75",donnée!BO:BO,"oui") -> 0 | D34: =COUNTIFS(donnée!AN:AN,">=+0,51",donnée!AN:AN,"<=+0,75",donnée!BP:BP,"oui") -> 0 | E34: =COUNTIFS(donnée!AN:AN,">=+0,51",donnée!AN:AN,"<=+0,75",donnée!BQ:BQ,"oui") -> 0 | F34: =COUNTIFS(donnée!AN:AN,">=+0,51",donnée!AN:AN,"<=+0,75",donnée!BR:BR,"oui") -> 0 | G34: =COUNTIFS(donnée!AN:AN,">=+0,51",donnée!AN:AN,"<=+0,75",donnée!BS:BS,"oui") -> 0 | H34: =COUNTIFS(donnée!AN:AN,">=+0,51",donnée!AN:AN,"<=+0,75",donnée!BT:BT,"oui") -> 0 | I34: +0,75 à +0,51 | J34: =COUNTIFS(donnée!AN:AN,">=+0,51",donnée!AN:AN,"<=+0,75",donnée!BU:BU,"oui") -> 0 | K34: =COUNTIFS(donnée!AN:AN,">=+0,51",donnée!AN:AN,"<=+0,75",donnée!BV:BV,"oui") -> 0 | L34: =COUNTIFS(donnée!AN:AN,">=+0,51",donnée!AN:AN,"<=+0,75",donnée!BW:BW,"oui") -> 0 | M34: =COUNTIFS(donnée!AN:AN,">=+0,51",donnée!AN:AN,"<=+0,75",donnée!BX:BX,"oui") -> 0 | N34: =COUNTIFS(donnée!AN:AN,">=+0,51",donnée!AN:AN,"<=+0,75",donnée!BY:BY,"oui") -> 0 | O34: =COUNTIFS(donnée!AN:AN,">=+0,51",donnée!AN:AN,"<=+0,75",donnée!BZ:BZ,"oui") -> 0 | P34: +0,75 à +0,51 | Q34: =COUNTIFS(donnée!AN:AN,">=+0,51",donnée!AN:AN,"<=+0,75",donnée!CA:CA,"oui") -> 0 | R34: =COUNTIFS(donnée!AN:AN,">=+0,51",donnée!AN:AN,"<=+0,75",donnée!CB:CB,"oui") -> 0 | S34: =COUNTIFS(donnée!AN:AN,">=+0,51",donnée!AN:AN,"<=+0,75",donnée!CC:CC,"oui") -> 0 | T34: =COUNTIFS(donnée!AN:AN,">=+0,51",donnée!AN:AN,"<=+0,75",donnée!CD:CD,"oui") -> 0 | U34: =COUNTIFS(donnée!AN:AN,">=+0,51",donnée!AN:AN,"<=+0,75",donnée!CE:CE,"oui") -> 0 | V34: =COUNTIFS(donnée!AN:AN,">=+0,51",donnée!AN:AN,"<=+0,75",donnée!CF:CF,"oui") -> 0 | W34: +0,75 à +0,51 | X34: =COUNTIFS(donnée!AN:AN,">=+0,51",donnée!AN:AN,"<=+0,75",donnée!CG:CG,"oui") -> 0 | Y34: =COUNTIFS(donnée!AN:AN,">=+0,51",donnée!AN:AN,"<=+0,75",donnée!CH:CH,"oui") -> 0 | Z34: =COUNTIFS(donnée!AN:AN,">=+0,51",donnée!AN:AN,"<=+0,75",donnée!CI:CI,"oui") -> 0 | AA34: =COUNTIFS(donnée!AN:AN,">=+0,51",donnée!AN:AN,"<=+0,75",donnée!CJ:CJ,"oui") -> 0 | AB34: =COUNTIFS(donnée!AN:AN,">=+0,51",donnée!AN:AN,"<=+0,75",donnée!CK:CK,"oui") -> 0 | AD34: +0,75 à +0,51 | AE34: =COUNTIFS(donnée!AN:AN,">=+0,51",donnée!AN:AN,"<=+0,75",donnée!CL:CL,"oui") -> 0 | AF34: =COUNTIFS(donnée!AN:AN,">=+0,51",donnée!AN:AN,"<=+0,75",donnée!CM:CM,"oui") -> 0 | AG34: =COUNTIFS(donnée!AN:AN,">=+0,51",donnée!AN:AN,"<=+0,75",donnée!CN:CN,"oui") -> 0 | AH34: =COUNTIFS(donnée!AN:AN,">=+0,51",donnée!AN:AN,"<=+0,75",donnée!CO:CO,"oui") -> 0 | AK34: +0,75 à +0,51 | AL34: =COUNTIFS(donnée!AN:AN,">=+0,51",donnée!AN:AN,"<=+0,75",donnée!CP:CP,"oui") -> 0 | AM34: =COUNTIFS(donnée!AN:AN,">=+0,51",donnée!AN:AN,"<=+0,75",donnée!CQ:CQ,"oui") -> 0 | AN34: =COUNTIFS(donnée!AN:AN,">=+0,51",donnée!AN:AN,"<=+0,75",donnée!CR:CR,"oui") -> 0 | AO34: =COUNTIFS(donnée!AN:AN,">=+0,51",donnée!AN:AN,"<=+0,75",donnée!CS:CS,"oui") -> 0 | AR34: +0,75 à +0,51 | AS34: =COUNTIFS(donnée!$AN:$AN,">=+0,51",donnée!$AN:$AN,"<=+0,75",donnée!CT:CT,"oui") -> 0 | AT34: =COUNTIFS(donnée!$AN:$AN,">=+0,51",donnée!$AN:$AN,"<=+0,75",donnée!CU:CU,"oui") -> 0 | AU34: =COUNTIFS(donnée!$AN:$AN,">=+0,51",donnée!$AN:$AN,"<=+0,75",donnée!CV:CV,"oui") -> 0 | AV34: =COUNTIFS(donnée!$AN:$AN,">=+0,51",donnée!$AN:$AN,"<=+0,75",donnée!CW:CW,"oui") -> 0 | AW34: =COUNTIFS(donnée!$AN:$AN,">=+0,51",donnée!$AN:$AN,"<=+0,75",donnée!CX:CX,"oui") -> 0 | AX34: =COUNTIFS(donnée!$AN:$AN,">=+0,51",donnée!$AN:$AN,"<=+0,75",donnée!CY:CY,"oui") -> 0 | AY34: =COUNTIFS(donnée!$AN:$AN,">=+0,51",donnée!$AN:$AN,"<=+0,75",donnée!CZ:CZ,"oui") -> 0
A35: =COUNTIFS(donnée!AN:AN,">=+0,26",donnée!AN:AN,"<=+0,50") -> 0 | B35: +0,50 à +0,26 | C35: =COUNTIFS(donnée!AN:AN,">=+0,26",donnée!AN:AN,"<=+0,50",donnée!BO:BO,"oui") -> 0 | D35: =COUNTIFS(donnée!AN:AN,">=+0,26",donnée!AN:AN,"<=+0,50",donnée!BP:BP,"oui") -> 0 | E35: =COUNTIFS(donnée!AN:AN,">=+0,26",donnée!AN:AN,"<=+0,50",donnée!BQ:BQ,"oui") -> 0 | F35: =COUNTIFS(donnée!AN:AN,">=+0,26",donnée!AN:AN,"<=+0,50",donnée!BR:BR,"oui") -> 0 | G35: =COUNTIFS(donnée!AN:AN,">=+0,26",donnée!AN:AN,"<=+0,50",donnée!BS:BS,"oui") -> 0 | H35: =COUNTIFS(donnée!AN:AN,">=+0,26",donnée!AN:AN,"<=+0,50",donnée!BT:BT,"oui") -> 0 | I35: +0,50 à +0,26 | J35: =COUNTIFS(donnée!AN:AN,">=+0,26",donnée!AN:AN,"<=+0,50",donnée!BU:BU,"oui") -> 0 | K35: =COUNTIFS(donnée!AN:AN,">=+0,26",donnée!AN:AN,"<=+0,50",donnée!BV:BV,"oui") -> 0 | L35: =COUNTIFS(donnée!AN:AN,">=+0,26",donnée!AN:AN,"<=+0,50",donnée!BW:BW,"oui") -> 0 | M35: =COUNTIFS(donnée!AN:AN,">=+0,26",donnée!AN:AN,"<=+0,50",donnée!BX:BX,"oui") -> 0 | N35: =COUNTIFS(donnée!AN:AN,">=+0,26",donnée!AN:AN,"<=+0,50",donnée!BY:BY,"oui") -> 0 | O35: =COUNTIFS(donnée!AN:AN,">=+0,26",donnée!AN:AN,"<=+0,50",donnée!BZ:BZ,"oui") -> 0 | P35: +0,50 à +0,26 | Q35: =COUNTIFS(donnée!AN:AN,">=+0,26",donnée!AN:AN,"<=+0,50",donnée!CA:CA,"oui") -> 0 | R35: =COUNTIFS(donnée!AN:AN,">=+0,26",donnée!AN:AN,"<=+0,50",donnée!CB:CB,"oui") -> 0 | S35: =COUNTIFS(donnée!AN:AN,">=+0,26",donnée!AN:AN,"<=+0,50",donnée!CC:CC,"oui") -> 0 | T35: =COUNTIFS(donnée!AN:AN,">=+0,26",donnée!AN:AN,"<=+0,50",donnée!CD:CD,"oui") -> 0 | U35: =COUNTIFS(donnée!AN:AN,">=+0,26",donnée!AN:AN,"<=+0,50",donnée!CE:CE,"oui") -> 0 | V35: =COUNTIFS(donnée!AN:AN,">=+0,26",donnée!AN:AN,"<=+0,50",donnée!CF:CF,"oui") -> 0 | W35: +0,50 à +0,26 | X35: =COUNTIFS(donnée!AN:AN,">=+0,26",donnée!AN:AN,"<=+0,50",donnée!CG:CG,"oui") -> 0 | Y35: =COUNTIFS(donnée!AN:AN,">=+0,26",donnée!AN:AN,"<=+0,50",donnée!CH:CH,"oui") -> 0 | Z35: =COUNTIFS(donnée!AN:AN,">=+0,26",donnée!AN:AN,"<=+0,50",donnée!CI:CI,"oui") -> 0 | AA35: =COUNTIFS(donnée!AN:AN,">=+0,26",donnée!AN:AN,"<=+0,50",donnée!CJ:CJ,"oui") -> 0 | AB35: =COUNTIFS(donnée!AN:AN,">=+0,26",donnée!AN:AN,"<=+0,50",donnée!CK:CK,"oui") -> 0 | AD35: +0,50 à +0,26 | AE35: =COUNTIFS(donnée!AN:AN,">=+0,26",donnée!AN:AN,"<=+0,50",donnée!CL:CL,"oui") -> 0 | AF35: =COUNTIFS(donnée!AN:AN,">=+0,26",donnée!AN:AN,"<=+0,50",donnée!CM:CM,"oui") -> 0 | AG35: =COUNTIFS(donnée!AN:AN,">=+0,26",donnée!AN:AN,"<=+0,50",donnée!CN:CN,"oui") -> 0 | AH35: =COUNTIFS(donnée!AN:AN,">=+0,26",donnée!AN:AN,"<=+0,50",donnée!CO:CO,"oui") -> 0 | AK35: +0,50 à +0,26 | AL35: =COUNTIFS(donnée!AN:AN,">=+0,26",donnée!AN:AN,"<=+0,50",donnée!CP:CP,"oui") -> 0 | AM35: =COUNTIFS(donnée!AN:AN,">=+0,26",donnée!AN:AN,"<=+0,50",donnée!CQ:CQ,"oui") -> 0 | AN35: =COUNTIFS(donnée!AN:AN,">=+0,26",donnée!AN:AN,"<=+0,50",donnée!CR:CR,"oui") -> 0 | AO35: =COUNTIFS(donnée!AN:AN,">=+0,26",donnée!AN:AN,"<=+0,50",donnée!CS:CS,"oui") -> 0 | AR35: +0,50 à +0,26 | AS35: =COUNTIFS(donnée!$AN:$AN,">=+0,26",donnée!$AN:$AN,"<=+0,50",donnée!CT:CT,"oui") -> 0 | AT35: =COUNTIFS(donnée!$AN:$AN,">=+0,26",donnée!$AN:$AN,"<=+0,50",donnée!CU:CU,"oui") -> 0 | AU35: =COUNTIFS(donnée!$AN:$AN,">=+0,26",donnée!$AN:$AN,"<=+0,50",donnée!CV:CV,"oui") -> 0 | AV35: =COUNTIFS(donnée!$AN:$AN,">=+0,26",donnée!$AN:$AN,"<=+0,50",donnée!CW:CW,"oui") -> 0 | AW35: =COUNTIFS(donnée!$AN:$AN,">=+0,26",donnée!$AN:$AN,"<=+0,50",donnée!CX:CX,"oui") -> 0 | AX35: =COUNTIFS(donnée!$AN:$AN,">=+0,26",donnée!$AN:$AN,"<=+0,50",donnée!CY:CY,"oui") -> 0 | AY35: =COUNTIFS(donnée!$AN:$AN,">=+0,26",donnée!$AN:$AN,"<=+0,50",donnée!CZ:CZ,"oui") -> 0
A36: =COUNTIFS(donnée!AN:AN,">=-0,25",donnée!AN:AN,"<=+0,25") -> 0 | B36: +0,25 à -0,25 | C36: =COUNTIFS(donnée!AN:AN,">=-0,25",donnée!AN:AN,"<=+0,25",donnée!BO:BO,"oui") -> 0 | D36: =COUNTIFS(donnée!AN:AN,">=-0,25",donnée!AN:AN,"<=+0,25",donnée!BP:BP,"oui") -> 0 | E36: =COUNTIFS(donnée!AN:AN,">=-0,25",donnée!AN:AN,"<=+0,25",donnée!BQ:BQ,"oui") -> 0 | F36: =COUNTIFS(donnée!AN:AN,">=-0,25",donnée!AN:AN,"<=+0,25",donnée!BR:BR,"oui") -> 0 | G36: =COUNTIFS(donnée!AN:AN,">=-0,25",donnée!AN:AN,"<=+0,25",donnée!BS:BS,"oui") -> 0 | H36: =COUNTIFS(donnée!AN:AN,">=-0,25",donnée!AN:AN,"<=+0,25",donnée!BT:BT,"oui") -> 0 | I36: +0,25 à -0,25 | J36: =COUNTIFS(donnée!AN:AN,">=-0,25",donnée!AN:AN,"<=+0,25",donnée!BU:BU,"oui") -> 0 | K36: =COUNTIFS(donnée!AN:AN,">=-0,25",donnée!AN:AN,"<=+0,25",donnée!BV:BV,"oui") -> 0 | L36: =COUNTIFS(donnée!AN:AN,">=-0,25",donnée!AN:AN,"<=+0,25",donnée!BW:BW,"oui") -> 0 | M36: =COUNTIFS(donnée!AN:AN,">=-0,25",donnée!AN:AN,"<=+0,25",donnée!BX:BX,"oui") -> 0 | N36: =COUNTIFS(donnée!AN:AN,">=-0,25",donnée!AN:AN,"<=+0,25",donnée!BY:BY,"oui") -> 0 | O36: =COUNTIFS(donnée!AN:AN,">=-0,25",donnée!AN:AN,"<=+0,25",donnée!BZ:BZ,"oui") -> 0 | P36: +0,25 à -0,25 | Q36: =COUNTIFS(donnée!AN:AN,">=-0,25",donnée!AN:AN,"<=+0,25",donnée!CA:CA,"oui") -> 0 | R36: =COUNTIFS(donnée!AN:AN,">=-0,25",donnée!AN:AN,"<=+0,25",donnée!CB:CB,"oui") -> 0 | S36: =COUNTIFS(donnée!AN:AN,">=-0,25",donnée!AN:AN,"<=+0,25",donnée!CC:CC,"oui") -> 0 | T36: =COUNTIFS(donnée!AN:AN,">=-0,25",donnée!AN:AN,"<=+0,25",donnée!CD:CD,"oui") -> 0 | U36: =COUNTIFS(donnée!AN:AN,">=-0,25",donnée!AN:AN,"<=+0,25",donnée!CE:CE,"oui") -> 0 | V36: =COUNTIFS(donnée!AN:AN,">=-0,25",donnée!AN:AN,"<=+0,25",donnée!CF:CF,"oui") -> 0 | W36: +0,25 à -0,25 | X36: =COUNTIFS(donnée!AN:AN,">=-0,25",donnée!AN:AN,"<=+0,25",donnée!CG:CG,"oui") -> 0 | Y36: =COUNTIFS(donnée!AN:AN,">=-0,25",donnée!AN:AN,"<=+0,25",donnée!CH:CH,"oui") -> 0 | Z36: =COUNTIFS(donnée!AN:AN,">=-0,25",donnée!AN:AN,"<=+0,25",donnée!CI:CI,"oui") -> 0 | AA36: =COUNTIFS(donnée!AN:AN,">=-0,25",donnée!AN:AN,"<=+0,25",donnée!CJ:CJ,"oui") -> 0 | AB36: =COUNTIFS(donnée!AN:AN,">=-0,25",donnée!AN:AN,"<=+0,25",donnée!CK:CK,"oui") -> 0 | AD36: +0,25 à -0,25 | AE36: =COUNTIFS(donnée!AN:AN,">=-0,25",donnée!AN:AN,"<=+0,25",donnée!CL:CL,"oui") -> 0 | AF36: =COUNTIFS(donnée!AN:AN,">=-0,25",donnée!AN:AN,"<=+0,25",donnée!CM:CM,"oui") -> 0 | AG36: =COUNTIFS(donnée!AN:AN,">=-0,25",donnée!AN:AN,"<=+0,25",donnée!CN:CN,"oui") -> 0 | AH36: =COUNTIFS(donnée!AN:AN,">=-0,25",donnée!AN:AN,"<=+0,25",donnée!CO:CO,"oui") -> 0 | AK36: +0,25 à -0,25 | AL36: =COUNTIFS(donnée!AN:AN,">=-0,25",donnée!AN:AN,"<=+0,25",donnée!CP:CP,"oui") -> 0 | AM36: =COUNTIFS(donnée!AN:AN,">=-0,25",donnée!AN:AN,"<=+0,25",donnée!CQ:CQ,"oui") -> 0 | AN36: =COUNTIFS(donnée!AN:AN,">=-0,25",donnée!AN:AN,"<=+0,25",donnée!CR:CR,"oui") -> 0 | AO36: =COUNTIFS(donnée!AN:AN,">=-0,25",donnée!AN:AN,"<=+0,25",donnée!CS:CS,"oui") -> 0 | AR36: +0,25 à -0,25 | AS36: =COUNTIFS(donnée!$AN:$AN,">=-0,25",donnée!$AN:$AN,"<=+0,25",donnée!CT:CT,"oui") -> 0 | AT36: =COUNTIFS(donnée!$AN:$AN,">=-0,25",donnée!$AN:$AN,"<=+0,25",donnée!CU:CU,"oui") -> 0 | AU36: =COUNTIFS(donnée!$AN:$AN,">=-0,25",donnée!$AN:$AN,"<=+0,25",donnée!CV:CV,"oui") -> 0 | AV36: =COUNTIFS(donnée!$AN:$AN,">=-0,25",donnée!$AN:$AN,"<=+0,25",donnée!CW:CW,"oui") -> 0 | AW36: =COUNTIFS(donnée!$AN:$AN,">=-0,25",donnée!$AN:$AN,"<=+0,25",donnée!CX:CX,"oui") -> 0 | AX36: =COUNTIFS(donnée!$AN:$AN,">=-0,25",donnée!$AN:$AN,"<=+0,25",donnée!CY:CY,"oui") -> 0 | AY36: =COUNTIFS(donnée!$AN:$AN,">=-0,25",donnée!$AN:$AN,"<=+0,25",donnée!CZ:CZ,"oui") -> 0
A37: =COUNTIFS(donnée!AN:AN,">=-0,50",donnée!AN:AN,"<=-0,26") -> 0 | B37: -0,26 à -0,50 | C37: =COUNTIFS(donnée!AN:AN,">=-0,50",donnée!AN:AN,"<=-0,26",donnée!BO:BO,"oui") -> 0 | D37: =COUNTIFS(donnée!AN:AN,">=-0,50",donnée!AN:AN,"<=-0,26",donnée!BP:BP,"oui") -> 0 | E37: =COUNTIFS(donnée!AN:AN,">=-0,50",donnée!AN:AN,"<=-0,26",donnée!BQ:BQ,"oui") -> 0 | F37: =COUNTIFS(donnée!AN:AN,">=-0,50",donnée!AN:AN,"<=-0,26",donnée!BR:BR,"oui") -> 0 | G37: =COUNTIFS(donnée!AN:AN,">=-0,50",donnée!AN:AN,"<=-0,26",donnée!BS:BS,"oui") -> 0 | H37: =COUNTIFS(donnée!AN:AN,">=-0,50",donnée!AN:AN,"<=-0,26",donnée!BT:BT,"oui") -> 0 | I37: -0,26 à -0,50 | J37: =COUNTIFS(donnée!AN:AN,">=-0,50",donnée!AN:AN,"<=-0,26",donnée!BU:BU,"oui") -> 0 | K37: =COUNTIFS(donnée!AN:AN,">=-0,50",donnée!AN:AN,"<=-0,26",donnée!BV:BV,"oui") -> 0 | L37: =COUNTIFS(donnée!AN:AN,">=-0,50",donnée!AN:AN,"<=-0,26",donnée!BW:BW,"oui") -> 0 | M37: =COUNTIFS(donnée!AN:AN,">=-0,50",donnée!AN:AN,"<=-0,26",donnée!BX:BX,"oui") -> 0 | N37: =COUNTIFS(donnée!AN:AN,">=-0,50",donnée!AN:AN,"<=-0,26",donnée!BY:BY,"oui") -> 0 | O37: =COUNTIFS(donnée!AN:AN,">=-0,50",donnée!AN:AN,"<=-0,26",donnée!BZ:BZ,"oui") -> 0 | P37: -0,26 à -0,50 | Q37: =COUNTIFS(donnée!AN:AN,">=-0,50",donnée!AN:AN,"<=-0,26",donnée!CA:CA,"oui") -> 0 | R37: =COUNTIFS(donnée!AN:AN,">=-0,50",donnée!AN:AN,"<=-0,26",donnée!CB:CB,"oui") -> 0 | S37: =COUNTIFS(donnée!AN:AN,">=-0,50",donnée!AN:AN,"<=-0,26",donnée!CC:CC,"oui") -> 0 | T37: =COUNTIFS(donnée!AN:AN,">=-0,50",donnée!AN:AN,"<=-0,26",donnée!CD:CD,"oui") -> 0 | U37: =COUNTIFS(donnée!AN:AN,">=-0,50",donnée!AN:AN,"<=-0,26",donnée!CE:CE,"oui") -> 0 | V37: =COUNTIFS(donnée!AN:AN,">=-0,50",donnée!AN:AN,"<=-0,26",donnée!CF:CF,"oui") -> 0 | W37: -0,26 à -0,50 | X37: =COUNTIFS(donnée!AN:AN,">=-0,50",donnée!AN:AN,"<=-0,26",donnée!CG:CG,"oui") -> 0 | Y37: =COUNTIFS(donnée!AN:AN,">=-0,50",donnée!AN:AN,"<=-0,26",donnée!CH:CH,"oui") -> 0 | Z37: =COUNTIFS(donnée!AN:AN,">=-0,50",donnée!AN:AN,"<=-0,26",donnée!CI:CI,"oui") -> 0 | AA37: =COUNTIFS(donnée!AN:AN,">=-0,50",donnée!AN:AN,"<=-0,26",donnée!CJ:CJ,"oui") -> 0 | AB37: =COUNTIFS(donnée!AN:AN,">=-0,50",donnée!AN:AN,"<=-0,26",donnée!CK:CK,"oui") -> 0 | AD37: -0,26 à -0,50 | AE37: =COUNTIFS(donnée!AN:AN,">=-0,50",donnée!AN:AN,"<=-0,26",donnée!CL:CL,"oui") -> 0 | AF37: =COUNTIFS(donnée!AN:AN,">=-0,50",donnée!AN:AN,"<=-0,26",donnée!CM:CM,"oui") -> 0 | AG37: =COUNTIFS(donnée!AN:AN,">=-0,50",donnée!AN:AN,"<=-0,26",donnée!CN:CN,"oui") -> 0 | AH37: =COUNTIFS(donnée!AN:AN,">=-0,50",donnée!AN:AN,"<=-0,26",donnée!CO:CO,"oui") -> 0 | AK37: -0,26 à -0,50 | AL37: =COUNTIFS(donnée!AN:AN,">=-0,50",donnée!AN:AN,"<=-0,26",donnée!CP:CP,"oui") -> 0 | AM37: =COUNTIFS(donnée!AN:AN,">=-0,50",donnée!AN:AN,"<=-0,26",donnée!CQ:CQ,"oui") -> 0 | AN37: =COUNTIFS(donnée!AN:AN,">=-0,50",donnée!AN:AN,"<=-0,26",donnée!CR:CR,"oui") -> 0 | AO37: =COUNTIFS(donnée!AN:AN,">=-0,50",donnée!AN:AN,"<=-0,26",donnée!CS:CS,"oui") -> 0 | AR37: -0,26 à -0,50 | AS37: =COUNTIFS(donnée!$AN:$AN,">=-0,50",donnée!$AN:$AN,"<=-0,26",donnée!CT:CT,"oui") -> 0 | AT37: =COUNTIFS(donnée!$AN:$AN,">=-0,50",donnée!$AN:$AN,"<=-0,26",donnée!CU:CU,"oui") -> 0 | AU37: =COUNTIFS(donnée!$AN:$AN,">=-0,50",donnée!$AN:$AN,"<=-0,26",donnée!CV:CV,"oui") -> 0 | AV37: =COUNTIFS(donnée!$AN:$AN,">=-0,50",donnée!$AN:$AN,"<=-0,26",donnée!CW:CW,"oui") -> 0 | AW37: =COUNTIFS(donnée!$AN:$AN,">=-0,50",donnée!$AN:$AN,"<=-0,26",donnée!CX:CX,"oui") -> 0 | AX37: =COUNTIFS(donnée!$AN:$AN,">=-0,50",donnée!$AN:$AN,"<=-0,26",donnée!CY:CY,"oui") -> 0 | AY37: =COUNTIFS(donnée!$AN:$AN,">=-0,50",donnée!$AN:$AN,"<=-0,26",donnée!CZ:CZ,"oui") -> 0
A38: =COUNTIFS(donnée!AN:AN,">=-0,75",donnée!AN:AN,"<=-0,51") -> 0 | B38: -0,51 à -0,75 | C38: =COUNTIFS(donnée!AN:AN,">=-0,75",donnée!AN:AN,"<=-0,51",donnée!BO:BO,"oui") -> 0 | D38: =COUNTIFS(donnée!AN:AN,">=-0,75",donnée!AN:AN,"<=-0,51",donnée!BP:BP,"oui") -> 0 | E38: =COUNTIFS(donnée!AN:AN,">=-0,75",donnée!AN:AN,"<=-0,51",donnée!BQ:BQ,"oui") -> 0 | F38: =COUNTIFS(donnée!AN:AN,">=-0,75",donnée!AN:AN,"<=-0,51",donnée!BR:BR,"oui") -> 0 | G38: =COUNTIFS(donnée!AN:AN,">=-0,75",donnée!AN:AN,"<=-0,51",donnée!BS:BS,"oui") -> 0 | H38: =COUNTIFS(donnée!AN:AN,">=-0,75",donnée!AN:AN,"<=-0,51",donnée!BT:BT,"oui") -> 0 | I38: -0,51 à -0,75 | J38: =COUNTIFS(donnée!AN:AN,">=-0,75",donnée!AN:AN,"<=-0,51",donnée!BU:BU,"oui") -> 0 | K38: =COUNTIFS(donnée!AN:AN,">=-0,75",donnée!AN:AN,"<=-0,51",donnée!BV:BV,"oui") -> 0 | L38: =COUNTIFS(donnée!AN:AN,">=-0,75",donnée!AN:AN,"<=-0,51",donnée!BW:BW,"oui") -> 0 | M38: =COUNTIFS(donnée!AN:AN,">=-0,75",donnée!AN:AN,"<=-0,51",donnée!BX:BX,"oui") -> 0 | N38: =COUNTIFS(donnée!AN:AN,">=-0,75",donnée!AN:AN,"<=-0,51",donnée!BY:BY,"oui") -> 0 | O38: =COUNTIFS(donnée!AN:AN,">=-0,75",donnée!AN:AN,"<=-0,51",donnée!BZ:BZ,"oui") -> 0 | P38: -0,51 à -0,75 | Q38: =COUNTIFS(donnée!AN:AN,">=-0,75",donnée!AN:AN,"<=-0,51",donnée!CA:CA,"oui") -> 0 | R38: =COUNTIFS(donnée!AN:AN,">=-0,75",donnée!AN:AN,"<=-0,51",donnée!CB:CB,"oui") -> 0 | S38: =COUNTIFS(donnée!AN:AN,">=-0,75",donnée!AN:AN,"<=-0,51",donnée!CC:CC,"oui") -> 0 | T38: =COUNTIFS(donnée!AN:AN,">=-0,75",donnée!AN:AN,"<=-0,51",donnée!CD:CD,"oui") -> 0 | U38: =COUNTIFS(donnée!AN:AN,">=-0,75",donnée!AN:AN,"<=-0,51",donnée!CE:CE,"oui") -> 0 | V38: =COUNTIFS(donnée!AN:AN,">=-0,75",donnée!AN:AN,"<=-0,51",donnée!CF:CF,"oui") -> 0 | W38: -0,51 à -0,75 | X38: =COUNTIFS(donnée!AN:AN,">=-0,75",donnée!AN:AN,"<=-0,51",donnée!CG:CG,"oui") -> 0 | Y38: =COUNTIFS(donnée!AN:AN,">=-0,75",donnée!AN:AN,"<=-0,51",donnée!CH:CH,"oui") -> 0 | Z38: =COUNTIFS(donnée!AN:AN,">=-0,75",donnée!AN:AN,"<=-0,51",donnée!CI:CI,"oui") -> 0 | AA38: =COUNTIFS(donnée!AN:AN,">=-0,75",donnée!AN:AN,"<=-0,51",donnée!CJ:CJ,"oui") -> 0 | AB38: =COUNTIFS(donnée!AN:AN,">=-0,75",donnée!AN:AN,"<=-0,51",donnée!CK:CK,"oui") -> 0 | AD38: -0,51 à -0,75 | AE38: =COUNTIFS(donnée!AN:AN,">=-0,75",donnée!AN:AN,"<=-0,51",donnée!CL:CL,"oui") -> 0 | AF38: =COUNTIFS(donnée!AN:AN,">=-0,75",donnée!AN:AN,"<=-0,51",donnée!CM:CM,"oui") -> 0 | AG38: =COUNTIFS(donnée!AN:AN,">=-0,75",donnée!AN:AN,"<=-0,51",donnée!CN:CN,"oui") -> 0 | AH38: =COUNTIFS(donnée!AN:AN,">=-0,75",donnée!AN:AN,"<=-0,51",donnée!CO:CO,"oui") -> 0 | AK38: -0,51 à -0,75 | AL38: =COUNTIFS(donnée!AN:AN,">=-0,75",donnée!AN:AN,"<=-0,51",donnée!CP:CP,"oui") -> 0 | AM38: =COUNTIFS(donnée!AN:AN,">=-0,75",donnée!AN:AN,"<=-0,51",donnée!CQ:CQ,"oui") -> 0 | AN38: =COUNTIFS(donnée!AN:AN,">=-0,75",donnée!AN:AN,"<=-0,51",donnée!CR:CR,"oui") -> 0 | AO38: =COUNTIFS(donnée!AN:AN,">=-0,75",donnée!AN:AN,"<=-0,51",donnée!CS:CS,"oui") -> 0 | AR38: -0,51 à -0,75 | AS38: =COUNTIFS(donnée!$AN:$AN,">=-0,75",donnée!$AN:$AN,"<=-0,51",donnée!CT:CT,"oui") -> 0 | AT38: =COUNTIFS(donnée!$AN:$AN,">=-0,75",donnée!$AN:$AN,"<=-0,51",donnée!CU:CU,"oui") -> 0 | AU38: =COUNTIFS(donnée!$AN:$AN,">=-0,75",donnée!$AN:$AN,"<=-0,51",donnée!CV:CV,"oui") -> 0 | AV38: =COUNTIFS(donnée!$AN:$AN,">=-0,75",donnée!$AN:$AN,"<=-0,51",donnée!CW:CW,"oui") -> 0 | AW38: =COUNTIFS(donnée!$AN:$AN,">=-0,75",donnée!$AN:$AN,"<=-0,51",donnée!CX:CX,"oui") -> 0 | AX38: =COUNTIFS(donnée!$AN:$AN,">=-0,75",donnée!$AN:$AN,"<=-0,51",donnée!CY:CY,"oui") -> 0 | AY38: =COUNTIFS(donnée!$AN:$AN,">=-0,75",donnée!$AN:$AN,"<=-0,51",donnée!CZ:CZ,"oui") -> 0
A39: =COUNTIFS(donnée!AN:AN,">=-1,0",donnée!AN:AN,"<=-0,76") -> 0 | B39: -0,76 -1,0 | C39: =COUNTIFS(donnée!AN:AN,">=-1,0",donnée!AN:AN,"<=-0,76",donnée!BO:BO,"oui") -> 0 | D39: =COUNTIFS(donnée!AN:AN,">=-1,0",donnée!AN:AN,"<=-0,76",donnée!BP:BP,"oui") -> 0 | E39: =COUNTIFS(donnée!AN:AN,">=-1,0",donnée!AN:AN,"<=-0,76",donnée!BQ:BQ,"oui") -> 0 | F39: =COUNTIFS(donnée!AN:AN,">=-1,0",donnée!AN:AN,"<=-0,76",donnée!BR:BR,"oui") -> 0 | G39: =COUNTIFS(donnée!AN:AN,">=-1,0",donnée!AN:AN,"<=-0,76",donnée!BS:BS,"oui") -> 0 | H39: =COUNTIFS(donnée!AN:AN,">=-1,0",donnée!AN:AN,"<=-0,76",donnée!BT:BT,"oui") -> 0 | I39: -0,76 -1,0 | J39: =COUNTIFS(donnée!AN:AN,">=-1,0",donnée!AN:AN,"<=-0,76",donnée!BU:BU,"oui") -> 0 | K39: =COUNTIFS(donnée!AN:AN,">=-1,0",donnée!AN:AN,"<=-0,76",donnée!BV:BV,"oui") -> 0 | L39: =COUNTIFS(donnée!AN:AN,">=-1,0",donnée!AN:AN,"<=-0,76",donnée!BW:BW,"oui") -> 0 | M39: =COUNTIFS(donnée!AN:AN,">=-1,0",donnée!AN:AN,"<=-0,76",donnée!BX:BX,"oui") -> 0 | N39: =COUNTIFS(donnée!AN:AN,">=-1,0",donnée!AN:AN,"<=-0,76",donnée!BY:BY,"oui") -> 0 | O39: =COUNTIFS(donnée!AN:AN,">=-1,0",donnée!AS:AS,"<=-0,76",donnée!BZ:BZ,"oui") -> 0 | P39: -0,76 -1,0 | Q39: =COUNTIFS(donnée!AN:AN,">=-1,0",donnée!AN:AN,"<=-0,76",donnée!CA:CA,"oui") -> 0 | R39: =COUNTIFS(donnée!AN:AN,">=-1,0",donnée!AN:AN,"<=-0,76",donnée!CB:CB,"oui") -> 0 | S39: =COUNTIFS(donnée!AN:AN,">=-1,0",donnée!AN:AN,"<=-0,76",donnée!CC:CC,"oui") -> 0 | T39: =COUNTIFS(donnée!AN:AN,">=-1,0",donnée!AN:AN,"<=-0,76",donnée!CD:CD,"oui") -> 0 | U39: =COUNTIFS(donnée!AN:AN,">=-1,0",donnée!AN:AN,"<=-0,76",donnée!CE:CE,"oui") -> 0 | V39: =COUNTIFS(donnée!AN:AN,">=-1,0",donnée!AN:AN,"<=-0,76",donnée!CF:CF,"oui") -> 0 | W39: -0,76 -1,0 | X39: =COUNTIFS(donnée!AN:AN,">=-1,0",donnée!AN:AN,"<=-0,76",donnée!CG:CG,"oui") -> 0 | Y39: =COUNTIFS(donnée!AN:AN,">=-1,0",donnée!AN:AN,"<=-0,76",donnée!CH:CH,"oui") -> 0 | Z39: =COUNTIFS(donnée!AN:AN,">=-1,0",donnée!AN:AN,"<=-0,76",donnée!CI:CI,"oui") -> 0 | AA39: =COUNTIFS(donnée!AN:AN,">=-1,0",donnée!AN:AN,"<=-0,76",donnée!CJ:CJ,"oui") -> 0 | AB39: =COUNTIFS(donnée!AN:AN,">=-1,0",donnée!AN:AN,"<=-0,76",donnée!CK:CK,"oui") -> 0 | AD39: -0,76 -1,0 | AE39: =COUNTIFS(donnée!AN:AN,">=-1,0",donnée!AN:AN,"<=-0,76",donnée!CL:CL,"oui") -> 0 | AF39: =COUNTIFS(donnée!AN:AN,">=-1,0",donnée!AN:AN,"<=-0,76",donnée!CM:CM,"oui") -> 0 | AG39: =COUNTIFS(donnée!AN:AN,">=-1,0",donnée!AN:AN,"<=-0,76",donnée!CN:CN,"oui") -> 0 | AH39: =COUNTIFS(donnée!AN:AN,">=-1,0",donnée!AN:AN,"<=-0,76",donnée!CO:CO,"oui") -> 0 | AK39: -0,76 -1,0 | AL39: =COUNTIFS(donnée!AN:AN,">=-1,0",donnée!AN:AN,"<=-0,76",donnée!CP:CP,"oui") -> 0 | AM39: =COUNTIFS(donnée!AN:AN,">=-1,0",donnée!AN:AN,"<=-0,76",donnée!CQ:CQ,"oui") -> 0 | AN39: =COUNTIFS(donnée!AN:AN,">=-1,0",donnée!AN:AN,"<=-0,76",donnée!CR:CR,"oui") -> 0 | AO39: =COUNTIFS(donnée!AN:AN,">=-1,0",donnée!AN:AN,"<=-0,76",donnée!CS:CS,"oui") -> 0 | AR39: -0,76 -1,0 | AS39: =COUNTIFS(donnée!$AN:$AN,">=-1,0",donnée!$AN:$AN,"<=-0,76",donnée!CT:CT,"oui") -> 0 | AT39: =COUNTIFS(donnée!$AN:$AN,">=-1,0",donnée!$AN:$AN,"<=-0,76",donnée!CU:CU,"oui") -> 0 | AU39: =COUNTIFS(donnée!$AN:$AN,">=-1,0",donnée!$AN:$AN,"<=-0,76",donnée!CV:CV,"oui") -> 0 | AV39: =COUNTIFS(donnée!$AN:$AN,">=-1,0",donnée!$AN:$AN,"<=-0,76",donnée!CW:CW,"oui") -> 0 | AW39: =COUNTIFS(donnée!$AN:$AN,">=-1,0",donnée!$AN:$AN,"<=-0,76",donnée!CX:CX,"oui") -> 0 | AX39: =COUNTIFS(donnée!$AN:$AN,">=-1,0",donnée!$AN:$AN,"<=-0,76",donnée!CY:CY,"oui") -> 0 | AY39: =COUNTIFS(donnée!$AN:$AN,">=-1,0",donnée!$AN:$AN,"<=-0,76",donnée!CZ:CZ,"oui") -> 0
A40: =COUNTIFS(donnée!AN:AN,"<=-1,0") -> 0 | B40: > -1,0 | C40: =COUNTIFS(donnée!AN:AN,"<=-1,0",donnée!BO:BO,"oui") -> 0 | D40: =COUNTIFS(donnée!AN:AN,"<=-1,0",donnée!BP:BP,"oui") -> 0 | E40: =COUNTIFS(donnée!AN:AN,"<=-1,0",donnée!BQ:BQ,"oui") -> 0 | F40: =COUNTIFS(donnée!AN:AN,"<=-1,0",donnée!BR:BR,"oui") -> 0 | G40: =COUNTIFS(donnée!AN:AN,"<=-1,0",donnée!BS:BS,"oui") -> 0 | H40: =COUNTIFS(donnée!AN:AN,"<=-1,0",donnée!BT:BT,"oui") -> 0 | I40: > -1,0 | J40: =COUNTIFS(donnée!AN:AN,"<=-1,0",donnée!BU:BU,"oui") -> 0 | K40: =COUNTIFS(donnée!AN:AN,"<=-1,0",donnée!BV:BV,"oui") -> 0 | L40: =COUNTIFS(donnée!AN:AN,"<=-1,0",donnée!BW:BW,"oui") -> 0 | M40: =COUNTIFS(donnée!AN:AN,"<=-1,0",donnée!BX:BX,"oui") -> 0 | N40: =COUNTIFS(donnée!AN:AN,"<=-1,0",donnée!BY:BY,"oui") -> 0 | O40: =COUNTIFS(donnée!AN:AN,"<=-1,0",donnée!BZ:BZ,"oui") -> 0 | P40: > -1,0 | Q40: =COUNTIFS(donnée!AN:AN,"<=-1,0",donnée!CA:CA,"oui") -> 0 | R40: =COUNTIFS(donnée!AN:AN,"<=-1,0",donnée!CB:CB,"oui") -> 0 | S40: =COUNTIFS(donnée!AN:AN,"<=-1,0",donnée!CC:CC,"oui") -> 0 | T40: =COUNTIFS(donnée!AN:AN,"<=-1,0",donnée!CD:CD,"oui") -> 0 | U40: =COUNTIFS(donnée!AN:AN,"<=-1,0",donnée!CE:CE,"oui") -> 0 | V40: =COUNTIFS(donnée!AN:AN,"<=-1,0",donnée!CF:CF,"oui") -> 0 | W40: > -1,0 | X40: =COUNTIFS(donnée!AN:AN,"<=-1,0",donnée!CG:CG,"oui") -> 0 | Y40: =COUNTIFS(donnée!AN:AN,"<=-1,0",donnée!CH:CH,"oui") -> 0 | Z40: =COUNTIFS(donnée!AN:AN,"<=-1,0",donnée!CI:CI,"oui") -> 0 | AA40: =COUNTIFS(donnée!AN:AN,"<=-1,0",donnée!CJ:CJ,"oui") -> 0 | AB40: =COUNTIFS(donnée!AN:AN,"<=-1,0",donnée!CK:CK,"oui") -> 0 | AD40: > -1,0 | AE40: =COUNTIFS(donnée!AN:AN,"<=-1,0",donnée!CL:CL,"oui") -> 0 | AF40: =COUNTIFS(donnée!AN:AN,"<=-1,0",donnée!CM:CM,"oui") -> 0 | AG40: =COUNTIFS(donnée!AN:AN,"<=-1,0",donnée!CN:CN,"oui") -> 0 | AH40: =COUNTIFS(donnée!AN:AN,"<=-1,0",donnée!CO:CO,"oui") -> 0 | AK40: > -1,0 | AL40: =COUNTIFS(donnée!AN:AN,"<=-1,0",donnée!CP:CP,"oui") -> 0 | AM40: =COUNTIFS(donnée!AN:AN,"<=-1,0",donnée!CQ:CQ,"oui") -> 0 | AN40: =COUNTIFS(donnée!AN:AN,"<=-1,0",donnée!CR:CR,"oui") -> 0 | AO40: =COUNTIFS(donnée!AN:AN,"<=-1,0",donnée!CS:CS,"oui") -> 0 | AR40: > -1,0 | AS40: =COUNTIFS(donnée!$AN:$AN,"<=-1,0",donnée!CT:CT,"oui") -> 0 | AT40: =COUNTIFS(donnée!$AN:$AN,"<=-1,0",donnée!CU:CU,"oui") -> 0 | AU40: =COUNTIFS(donnée!$AN:$AN,"<=-1,0",donnée!CV:CV,"oui") -> 0 | AV40: =COUNTIFS(donnée!$AN:$AN,"<=-1,0",donnée!CW:CW,"oui") -> 0 | AW40: =COUNTIFS(donnée!$AN:$AN,"<=-1,0",donnée!CX:CX,"oui") -> 0 | AX40: =COUNTIFS(donnée!$AN:$AN,"<=-1,0",donnée!CY:CY,"oui") -> 0 | AY40: =COUNTIFS(donnée!$AN:$AN,"<=-1,0",donnée!CZ:CZ,"oui") -> 0
C57: PUISSANCE IOL =>30 | D57: PUISSANCE IOL 30 => 25 | E57: PUISSANCE IOL 25 => 15 | F57: PUISSANCE IOL 15 => 10 | G57: PUISSANCE IOL 10 => 0 | H57: PUISSANCE IOL 0=> | J57: œil extrème >28mm | K57: Œil très long 28>26 | L57: Œil long 26>24,5 | M57: Œil long NORMAL 24,5>22,5 | N57: Œil court 22,5>20 | O57: Œil très court <20 | Q57: K extrème >48,5 | R57: K CAMBRE 48,5>46,5 | S57: K CAMBRE- 46,5>45 | T57: K NORM 45>43 | U57: K PLAT- 43>41 | V57: K PLAT >41,0 | X57: CA extrème >4,0 | Y57: CA profonde 4>3,5 | Z57: CA NORM 3,5>2,5 | AA57: CA ETROITE 2,5>2,0 | AB57: CA tres etroite <2,0 | AE57: LT TRES EPAIS >5,3 | AF57: LT EPAIS 5,3>4,9 | AG57: LT NORMAL 4,9>3,8 | AH57: LT FIN>3,8 | AL57: WTW EXTREME >13 | AM57: WTW GRAND 13>12,5 | AN57: WTW NORM 12,5>11,5 | AO57: WTW PETITE <11,5 | AS57: AGE +90 | AT57: AGE 89 => 80 | AU57: AGE 80 => 70 | AV57: AGE 69 => 60 | AW57: AGE 59 => 50 | AX57: AGE 49 => 40 | AY57: AGE -39
B58: SRK/T | I58: SRK/T | P58: SRK/T | W58: SRK/T | AD58: SRK/T | AK58: SRK/T | AR58: SRK/T
B59: >+1,0 | C59: =COUNTIFS(donnée!$AQ:$AQ,">=1,0",donnée!BO:BO,"oui") -> 0 | D59: =COUNTIFS(donnée!$AQ:$AQ,">=1,0",donnée!BP:BP,"oui") -> 0 | E59: =COUNTIFS(donnée!$AQ:$AQ,">=1,0",donnée!BQ:BQ,"oui") -> 0 | F59: =COUNTIFS(donnée!$AQ:$AQ,">=1,0",donnée!BR:BR,"oui") -> 0 | G59: =COUNTIFS(donnée!$AQ:$AQ,">=1,0",donnée!BS:BS,"oui") -> 0 | H59: =COUNTIFS(donnée!$AQ:$AQ,">=1,0",donnée!BT:BT,"oui") -> 0 | I59: >+1,0 | J59: =COUNTIFS(donnée!$AQ:$AQ,">=1,0",donnée!BU:BU,"oui") -> 0 | K59: =COUNTIFS(donnée!$AQ:$AQ,">=1,0",donnée!BV:BV,"oui") -> 0 | L59: =COUNTIFS(donnée!$AQ:$AQ,">=1,0",donnée!BW:BW,"oui") -> 0 | M59: =COUNTIFS(donnée!$AQ:$AQ,">=1,0",donnée!BX:BX,"oui") -> 0 | N59: =COUNTIFS(donnée!$AQ:$AQ,">=1,0",donnée!BY:BY,"oui") -> 0 | O59: =COUNTIFS(donnée!$AQ:$AQ,">=1,0",donnée!BZ:BZ,"oui") -> 0 | P59: >+1,0 | Q59: =COUNTIFS(donnée!$AQ:$AQ,">=1,0",donnée!CA:CA,"oui") -> 0 | R59: =COUNTIFS(donnée!$AQ:$AQ,">=1,0",donnée!CB:CB,"oui") -> 0 | S59: =COUNTIFS(donnée!$AQ:$AQ,">=1,0",donnée!CC:CC,"oui") -> 0 | T59: =COUNTIFS(donnée!$AQ:$AQ,">=1,0",donnée!CD:CD,"oui") -> 0 | U59: =COUNTIFS(donnée!$AQ:$AQ,">=1,0",donnée!CE:CE,"oui") -> 0 | V59: =COUNTIFS(donnée!$AQ:$AQ,">=1,0",donnée!CF:CF,"oui") -> 0 | W59: >+1,0 | X59: =COUNTIFS(donnée!$AQ:$AQ,">=1,0",donnée!CG:CG,"oui") -> 0 | Y59: =COUNTIFS(donnée!$AQ:$AQ,">=1,0",donnée!CH:CH,"oui") -> 0 | Z59: =COUNTIFS(donnée!$AQ:$AQ,">=1,0",donnée!CI:CI,"oui") -> 0 | AA59: =COUNTIFS(donnée!$AQ:$AQ,">=1,0",donnée!CJ:CJ,"oui") -> 0 | AB59: =COUNTIFS(donnée!$AQ:$AQ,">=1,0",donnée!CK:CK,"oui") -> 0 | AD59: >+1,0 | AE59: =COUNTIFS(donnée!$AQ:$AQ,">=1,0",donnée!CL:CL,"oui") -> 0 | AF59: =COUNTIFS(donnée!$AQ:$AQ,">=1,0",donnée!CM:CM,"oui") -> 0 | AG59: =COUNTIFS(donnée!$AQ:$AQ,">=1,0",donnée!CN:CN,"oui") -> 0 | AH59: =COUNTIFS(donnée!$AQ:$AQ,">=1,0",donnée!CO:CO,"oui") -> 0 | AK59: >+1,0 | AL59: =COUNTIFS(donnée!$AQ:$AQ,">=1,0",donnée!CP:CP,"oui") -> 0 | AM59: =COUNTIFS(donnée!$AQ:$AQ,">=1,0",donnée!CQ:CQ,"oui") -> 0 | AN59: =COUNTIFS(donnée!$AQ:$AQ,">=1,0",donnée!CR:CR,"oui") -> 0 | AO59: =COUNTIFS(donnée!$AQ:$AQ,">=1,0",donnée!CS:CS,"oui") -> 0 | AR59: >+1,0 | AS59: =COUNTIFS(donnée!$AQ:$AQ,">=1,0",donnée!CT:CT,"oui") -> 0 | AT59: =COUNTIFS(donnée!$AQ:$AQ,">=1,0",donnée!CU:CU,"oui") -> 0 | AU59: =COUNTIFS(donnée!$AQ:$AQ,">=1,0",donnée!CV:CV,"oui") -> 0 | AV59: =COUNTIFS(donnée!$AQ:$AQ,">=1,0",donnée!CW:CW,"oui") -> 0 | AW59: =COUNTIFS(donnée!$AQ:$AQ,">=1,0",donnée!CX:CX,"oui") -> 0 | AX59: =COUNTIFS(donnée!$AQ:$AQ,">=1,0",donnée!CY:CY,"oui") -> 0 | AY59: =COUNTIFS(donnée!$AQ:$AQ,">=1,0",donnée!CZ:CZ,"oui") -> 0
B60: +1,0 à +0,76 | C60: =COUNTIFS(donnée!$AQ:$AQ,">=0,76",donnée!$AQ:$AQ,"<=1,0",donnée!BO:BO,"oui") -> 0 | D60: =COUNTIFS(donnée!$AQ:$AQ,">=0,76",donnée!$AQ:$AQ,"<=1,0",donnée!BP:BP,"oui") -> 0 | E60: =COUNTIFS(donnée!$AQ:$AQ,">=0,76",donnée!$AQ:$AQ,"<=1,0",donnée!BQ:BQ,"oui") -> 0 | F60: =COUNTIFS(donnée!$AQ:$AQ,">=0,76",donnée!$AQ:$AQ,"<=1,0",donnée!BR:BR,"oui") -> 0 | G60: =COUNTIFS(donnée!$AQ:$AQ,">=0,76",donnée!$AQ:$AQ,"<=1,0",donnée!BS:BS,"oui") -> 0 | H60: =COUNTIFS(donnée!$AQ:$AQ,">=0,76",donnée!$AQ:$AQ,"<=1,0",donnée!BT:BT,"oui") -> 0 | I60: +1,0 à +0,76 | J60: =COUNTIFS(donnée!$AQ:$AQ,">=0,76",donnée!$AQ:$AQ,"<=1,0",donnée!BU:BU,"oui") -> 0 | K60: =COUNTIFS(donnée!$AQ:$AQ,">=0,76",donnée!$AQ:$AQ,"<=1,0",donnée!BV:BV,"oui") -> 0 | L60: =COUNTIFS(donnée!$AQ:$AQ,">=0,76",donnée!$AQ:$AQ,"<=1,0",donnée!BW:BW,"oui") -> 0 | M60: =COUNTIFS(donnée!$AQ:$AQ,">=0,76",donnée!$AQ:$AQ,"<=1,0",donnée!BX:BX,"oui") -> 0 | N60: =COUNTIFS(donnée!$AQ:$AQ,">=0,76",donnée!$AQ:$AQ,"<=1,0",donnée!BY:BY,"oui") -> 0 | O60: =COUNTIFS(donnée!$AQ:$AQ,">=0,76",donnée!$AQ:$AQ,"<=1,0",donnée!BZ:BZ,"oui") -> 0 | P60: +1,0 à +0,76 | Q60: =COUNTIFS(donnée!$AQ:$AQ,">=0,76",donnée!$AQ:$AQ,"<=1,0",donnée!CA:CA,"oui") -> 0 | R60: =COUNTIFS(donnée!$AQ:$AQ,">=0,76",donnée!$AQ:$AQ,"<=1,0",donnée!CB:CB,"oui") -> 0 | S60: =COUNTIFS(donnée!$AQ:$AQ,">=0,76",donnée!$AQ:$AQ,"<=1,0",donnée!CC:CC,"oui") -> 0 | T60: =COUNTIFS(donnée!$AQ:$AQ,">=0,76",donnée!$AQ:$AQ,"<=1,0",donnée!CD:CD,"oui") -> 0 | U60: =COUNTIFS(donnée!$AQ:$AQ,">=0,76",donnée!$AQ:$AQ,"<=1,0",donnée!CE:CE,"oui") -> 0 | V60: =COUNTIFS(donnée!$AQ:$AQ,">=0,76",donnée!$AQ:$AQ,"<=1,0",donnée!CF:CF,"oui") -> 0 | W60: +1,0 à +0,76 | X60: =COUNTIFS(donnée!$AQ:$AQ,">=0,76",donnée!$AQ:$AQ,"<=1,0",donnée!CG:CG,"oui") -> 0 | Y60: =COUNTIFS(donnée!$AQ:$AQ,">=0,76",donnée!$AQ:$AQ,"<=1,0",donnée!CH:CH,"oui") -> 0 | Z60: =COUNTIFS(donnée!$AQ:$AQ,">=0,76",donnée!$AQ:$AQ,"<=1,0",donnée!CI:CI,"oui") -> 0 | AA60: =COUNTIFS(donnée!$AQ:$AQ,">=0,76",donnée!$AQ:$AQ,"<=1,0",donnée!CJ:CJ,"oui") -> 0 | AB60: =COUNTIFS(donnée!$AQ:$AQ,">=0,76",donnée!$AQ:$AQ,"<=1,0",donnée!CK:CK,"oui") -> 0 | AD60: +1,0 à +0,76 | AE60: =COUNTIFS(donnée!$AQ:$AQ,">=0,76",donnée!$AQ:$AQ,"<=1,0",donnée!CL:CL,"oui") -> 0 | AF60: =COUNTIFS(donnée!$AQ:$AQ,">=0,76",donnée!$AQ:$AQ,"<=1,0",donnée!CM:CM,"oui") -> 0 | AG60: =COUNTIFS(donnée!$AQ:$AQ,">=0,76",donnée!$AQ:$AQ,"<=1,0",donnée!CN:CN,"oui") -> 0 | AH60: =COUNTIFS(donnée!$AQ:$AQ,">=0,76",donnée!$AQ:$AQ,"<=1,0",donnée!CO:CO,"oui") -> 0 | AK60: +1,0 à +0,76 | AL60: =COUNTIFS(donnée!$AQ:$AQ,">=0,76",donnée!$AQ:$AQ,"<=1,0",donnée!CP:CP,"oui") -> 0 | AM60: =COUNTIFS(donnée!$AQ:$AQ,">=0,76",donnée!$AQ:$AQ,"<=1,0",donnée!CQ:CQ,"oui") -> 0 | AN60: =COUNTIFS(donnée!$AQ:$AQ,">=0,76",donnée!$AQ:$AQ,"<=1,0",donnée!CR:CR,"oui") -> 0 | AO60: =COUNTIFS(donnée!$AQ:$AQ,">=0,76",donnée!$AQ:$AQ,"<=1,0",donnée!CS:CS,"oui") -> 0 | AR60: +1,0 à +0,76 | AS60: =COUNTIFS(donnée!$AQ:$AQ,">=0,76",donnée!$AQ:$AQ,"<=1,0",donnée!CT:CT,"oui") -> 0 | AT60: =COUNTIFS(donnée!$AQ:$AQ,">=0,76",donnée!$AQ:$AQ,"<=1,0",donnée!CU:CU,"oui") -> 0 | AU60: =COUNTIFS(donnée!$AQ:$AQ,">=0,76",donnée!$AQ:$AQ,"<=1,0",donnée!CV:CV,"oui") -> 0 | AV60: =COUNTIFS(donnée!$AQ:$AQ,">=0,76",donnée!$AQ:$AQ,"<=1,0",donnée!CW:CW,"oui") -> 0 | AW60: =COUNTIFS(donnée!$AQ:$AQ,">=0,76",donnée!$AQ:$AQ,"<=1,0",donnée!CX:CX,"oui") -> 0 | AX60: =COUNTIFS(donnée!$AQ:$AQ,">=0,76",donnée!$AQ:$AQ,"<=1,0",donnée!CY:CY,"oui") -> 0 | AY60: =COUNTIFS(donnée!$AQ:$AQ,">=0,76",donnée!$AQ:$AQ,"<=1,0",donnée!CZ:CZ,"oui") -> 0
B61: +0,75 à +0,51 | C61: =COUNTIFS(donnée!$AQ:$AQ,">=+0,51",donnée!$AQ:$AQ,"<=+0,75",donnée!BO:BO,"oui") -> 0 | D61: =COUNTIFS(donnée!$AQ:$AQ,">=+0,51",donnée!$AQ:$AQ,"<=+0,75",donnée!BP:BP,"oui") -> 0 | E61: =COUNTIFS(donnée!$AQ:$AQ,">=+0,51",donnée!$AQ:$AQ,"<=+0,75",donnée!BQ:BQ,"oui") -> 0 | F61: =COUNTIFS(donnée!$AQ:$AQ,">=+0,51",donnée!$AQ:$AQ,"<=+0,75",donnée!BR:BR,"oui") -> 0 | G61: =COUNTIFS(donnée!$AQ:$AQ,">=+0,51",donnée!$AQ:$AQ,"<=+0,75",donnée!BS:BS,"oui") -> 0 | H61: =COUNTIFS(donnée!$AQ:$AQ,">=+0,51",donnée!$AQ:$AQ,"<=+0,75",donnée!BT:BT,"oui") -> 0 | I61: +0,75 à +0,51 | J61: =COUNTIFS(donnée!$AQ:$AQ,">=+0,51",donnée!$AQ:$AQ,"<=+0,75",donnée!BU:BU,"oui") -> 0 | K61: =COUNTIFS(donnée!$AQ:$AQ,">=+0,51",donnée!$AQ:$AQ,"<=+0,75",donnée!BV:BV,"oui") -> 0 | L61: =COUNTIFS(donnée!$AQ:$AQ,">=+0,51",donnée!$AQ:$AQ,"<=+0,75",donnée!BW:BW,"oui") -> 0 | M61: =COUNTIFS(donnée!$AQ:$AQ,">=+0,51",donnée!$AQ:$AQ,"<=+0,75",donnée!BX:BX,"oui") -> 0 | N61: =COUNTIFS(donnée!$AQ:$AQ,">=+0,51",donnée!$AQ:$AQ,"<=+0,75",donnée!BY:BY,"oui") -> 0 | O61: =COUNTIFS(donnée!$AQ:$AQ,">=+0,51",donnée!$AQ:$AQ,"<=+0,75",donnée!BZ:BZ,"oui") -> 0 | P61: +0,75 à +0,51 | Q61: =COUNTIFS(donnée!$AQ:$AQ,">=+0,51",donnée!$AQ:$AQ,"<=+0,75",donnée!CA:CA,"oui") -> 0 | R61: =COUNTIFS(donnée!$AQ:$AQ,">=+0,51",donnée!$AQ:$AQ,"<=+0,75",donnée!CB:CB,"oui") -> 0 | S61: =COUNTIFS(donnée!$AQ:$AQ,">=+0,51",donnée!$AQ:$AQ,"<=+0,75",donnée!CC:CC,"oui") -> 0 | T61: =COUNTIFS(donnée!$AQ:$AQ,">=+0,51",donnée!$AQ:$AQ,"<=+0,75",donnée!CD:CD,"oui") -> 0 | U61: =COUNTIFS(donnée!$AQ:$AQ,">=+0,51",donnée!$AQ:$AQ,"<=+0,75",donnée!CE:CE,"oui") -> 0 | V61: =COUNTIFS(donnée!$AQ:$AQ,">=+0,51",donnée!$AQ:$AQ,"<=+0,75",donnée!CF:CF,"oui") -> 0 | W61: +0,75 à +0,51 | X61: =COUNTIFS(donnée!$AQ:$AQ,">=+0,51",donnée!$AQ:$AQ,"<=+0,75",donnée!CG:CG,"oui") -> 0 | Y61: =COUNTIFS(donnée!$AQ:$AQ,">=+0,51",donnée!$AQ:$AQ,"<=+0,75",donnée!CH:CH,"oui") -> 0 | Z61: =COUNTIFS(donnée!$AQ:$AQ,">=+0,51",donnée!$AQ:$AQ,"<=+0,75",donnée!CI:CI,"oui") -> 0 | AA61: =COUNTIFS(donnée!$AQ:$AQ,">=+0,51",donnée!$AQ:$AQ,"<=+0,75",donnée!CJ:CJ,"oui") -> 0 | AB61: =COUNTIFS(donnée!$AQ:$AQ,">=+0,51",donnée!$AQ:$AQ,"<=+0,75",donnée!CK:CK,"oui") -> 0 | AD61: +0,75 à +0,51 | AE61: =COUNTIFS(donnée!$AQ:$AQ,">=+0,51",donnée!$AQ:$AQ,"<=+0,75",donnée!CL:CL,"oui") -> 0 | AF61: =COUNTIFS(donnée!$AQ:$AQ,">=+0,51",donnée!$AQ:$AQ,"<=+0,75",donnée!CM:CM,"oui") -> 0 | AG61: =COUNTIFS(donnée!$AQ:$AQ,">=+0,51",donnée!$AQ:$AQ,"<=+0,75",donnée!CN:CN,"oui") -> 0 | AH61: =COUNTIFS(donnée!$AQ:$AQ,">=+0,51",donnée!$AQ:$AQ,"<=+0,75",donnée!CO:CO,"oui") -> 0 | AK61: +0,75 à +0,51 | AL61: =COUNTIFS(donnée!$AQ:$AQ,">=+0,51",donnée!$AQ:$AQ,"<=+0,75",donnée!CP:CP,"oui") -> 0 | AM61: =COUNTIFS(donnée!$AQ:$AQ,">=+0,51",donnée!$AQ:$AQ,"<=+0,75",donnée!CQ:CQ,"oui") -> 0 | AN61: =COUNTIFS(donnée!$AQ:$AQ,">=+0,51",donnée!$AQ:$AQ,"<=+0,75",donnée!CR:CR,"oui") -> 0 | AO61: =COUNTIFS(donnée!$AQ:$AQ,">=+0,51",donnée!$AQ:$AQ,"<=+0,75",donnée!CS:CS,"oui") -> 0 | AR61: +0,75 à +0,51 | AS61: =COUNTIFS(donnée!$AQ:$AQ,">=+0,51",donnée!$AQ:$AQ,"<=+0,75",donnée!CT:CT,"oui") -> 0 | AT61: =COUNTIFS(donnée!$AQ:$AQ,">=+0,51",donnée!$AQ:$AQ,"<=+0,75",donnée!CU:CU,"oui") -> 0 | AU61: =COUNTIFS(donnée!$AQ:$AQ,">=+0,51",donnée!$AQ:$AQ,"<=+0,75",donnée!CV:CV,"oui") -> 0 | AV61: =COUNTIFS(donnée!$AQ:$AQ,">=+0,51",donnée!$AQ:$AQ,"<=+0,75",donnée!CW:CW,"oui") -> 0 | AW61: =COUNTIFS(donnée!$AQ:$AQ,">=+0,51",donnée!$AQ:$AQ,"<=+0,75",donnée!CX:CX,"oui") -> 0 | AX61: =COUNTIFS(donnée!$AQ:$AQ,">=+0,51",donnée!$AQ:$AQ,"<=+0,75",donnée!CY:CY,"oui") -> 0 | AY61: =COUNTIFS(donnée!$AQ:$AQ,">=+0,51",donnée!$AQ:$AQ,"<=+0,75",donnée!CZ:CZ,"oui") -> 0
B62: +0,50 à +0,26 | C62: =COUNTIFS(donnée!$AQ:$AQ,">=+0,26",donnée!$AQ:$AQ,"<=+0,50",donnée!BO:BO,"oui") -> 0 | D62: =COUNTIFS(donnée!$AQ:$AQ,">=+0,26",donnée!$AQ:$AQ,"<=+0,50",donnée!BP:BP,"oui") -> 0 | E62: =COUNTIFS(donnée!$AQ:$AQ,">=+0,26",donnée!$AQ:$AQ,"<=+0,50",donnée!BQ:BQ,"oui") -> 0 | F62: =COUNTIFS(donnée!$AQ:$AQ,">=+0,26",donnée!$AQ:$AQ,"<=+0,50",donnée!BR:BR,"oui") -> 0 | G62: =COUNTIFS(donnée!$AQ:$AQ,">=+0,26",donnée!$AQ:$AQ,"<=+0,50",donnée!BS:BS,"oui") -> 0 | H62: =COUNTIFS(donnée!$AQ:$AQ,">=+0,26",donnée!$AQ:$AQ,"<=+0,50",donnée!BT:BT,"oui") -> 0 | I62: +0,50 à +0,26 | J62: =COUNTIFS(donnée!$AQ:$AQ,">=+0,26",donnée!$AQ:$AQ,"<=+0,50",donnée!BU:BU,"oui") -> 0 | K62: =COUNTIFS(donnée!$AQ:$AQ,">=+0,26",donnée!$AQ:$AQ,"<=+0,50",donnée!BV:BV,"oui") -> 0 | L62: =COUNTIFS(donnée!$AQ:$AQ,">=+0,26",donnée!$AQ:$AQ,"<=+0,50",donnée!BW:BW,"oui") -> 0 | M62: =COUNTIFS(donnée!$AQ:$AQ,">=+0,26",donnée!$AQ:$AQ,"<=+0,50",donnée!BX:BX,"oui") -> 0 | N62: =COUNTIFS(donnée!$AQ:$AQ,">=+0,26",donnée!$AQ:$AQ,"<=+0,50",donnée!BY:BY,"oui") -> 0 | O62: =COUNTIFS(donnée!$AQ:$AQ,">=+0,26",donnée!$AQ:$AQ,"<=+0,50",donnée!BZ:BZ,"oui") -> 0 | P62: +0,50 à +0,26 | Q62: =COUNTIFS(donnée!$AQ:$AQ,">=+0,26",donnée!$AQ:$AQ,"<=+0,50",donnée!CA:CA,"oui") -> 0 | R62: =COUNTIFS(donnée!$AQ:$AQ,">=+0,26",donnée!$AQ:$AQ,"<=+0,50",donnée!CB:CB,"oui") -> 0 | S62: =COUNTIFS(donnée!$AQ:$AQ,">=+0,26",donnée!$AQ:$AQ,"<=+0,50",donnée!CC:CC,"oui") -> 0 | T62: =COUNTIFS(donnée!$AQ:$AQ,">=+0,26",donnée!$AQ:$AQ,"<=+0,50",donnée!CD:CD,"oui") -> 0 | U62: =COUNTIFS(donnée!$AQ:$AQ,">=+0,26",donnée!$AQ:$AQ,"<=+0,50",donnée!CE:CE,"oui") -> 0 | V62: =COUNTIFS(donnée!$AQ:$AQ,">=+0,26",donnée!$AQ:$AQ,"<=+0,50",donnée!CF:CF,"oui") -> 0 | W62: +0,50 à +0,26 | X62: =COUNTIFS(donnée!$AQ:$AQ,">=+0,26",donnée!$AQ:$AQ,"<=+0,50",donnée!CG:CG,"oui") -> 0 | Y62: =COUNTIFS(donnée!$AQ:$AQ,">=+0,26",donnée!$AQ:$AQ,"<=+0,50",donnée!CH:CH,"oui") -> 0 | Z62: =COUNTIFS(donnée!$AQ:$AQ,">=+0,26",donnée!$AQ:$AQ,"<=+0,50",donnée!CI:CI,"oui") -> 0 | AA62: =COUNTIFS(donnée!$AQ:$AQ,">=+0,26",donnée!$AQ:$AQ,"<=+0,50",donnée!CJ:CJ,"oui") -> 0 | AB62: =COUNTIFS(donnée!$AQ:$AQ,">=+0,26",donnée!$AQ:$AQ,"<=+0,50",donnée!CK:CK,"oui") -> 0 | AD62: +0,50 à +0,26 | AE62: =COUNTIFS(donnée!$AQ:$AQ,">=+0,26",donnée!$AQ:$AQ,"<=+0,50",donnée!CL:CL,"oui") -> 0 | AF62: =COUNTIFS(donnée!$AQ:$AQ,">=+0,26",donnée!$AQ:$AQ,"<=+0,50",donnée!CM:CM,"oui") -> 0 | AG62: =COUNTIFS(donnée!$AQ:$AQ,">=+0,26",donnée!$AQ:$AQ,"<=+0,50",donnée!CN:CN,"oui") -> 0 | AH62: =COUNTIFS(donnée!$AQ:$AQ,">=+0,26",donnée!$AQ:$AQ,"<=+0,50",donnée!CO:CO,"oui") -> 0 | AK62: +0,50 à +0,26 | AL62: =COUNTIFS(donnée!$AQ:$AQ,">=+0,26",donnée!$AQ:$AQ,"<=+0,50",donnée!CP:CP,"oui") -> 0 | AM62: =COUNTIFS(donnée!$AQ:$AQ,">=+0,26",donnée!$AQ:$AQ,"<=+0,50",donnée!CQ:CQ,"oui") -> 0 | AN62: =COUNTIFS(donnée!$AQ:$AQ,">=+0,26",donnée!$AQ:$AQ,"<=+0,50",donnée!CR:CR,"oui") -> 0 | AO62: =COUNTIFS(donnée!$AQ:$AQ,">=+0,26",donnée!$AQ:$AQ,"<=+0,50",donnée!CS:CS,"oui") -> 0 | AR62: +0,50 à +0,26 | AS62: =COUNTIFS(donnée!$AQ:$AQ,">=+0,26",donnée!$AQ:$AQ,"<=+0,50",donnée!CT:CT,"oui") -> 0 | AT62: =COUNTIFS(donnée!$AQ:$AQ,">=+0,26",donnée!$AQ:$AQ,"<=+0,50",donnée!CU:CU,"oui") -> 0 | AU62: =COUNTIFS(donnée!$AQ:$AQ,">=+0,26",donnée!$AQ:$AQ,"<=+0,50",donnée!CV:CV,"oui") -> 0 | AV62: =COUNTIFS(donnée!$AQ:$AQ,">=+0,26",donnée!$AQ:$AQ,"<=+0,50",donnée!CW:CW,"oui") -> 0 | AW62: =COUNTIFS(donnée!$AQ:$AQ,">=+0,26",donnée!$AQ:$AQ,"<=+0,50",donnée!CX:CX,"oui") -> 0 | AX62: =COUNTIFS(donnée!$AQ:$AQ,">=+0,26",donnée!$AQ:$AQ,"<=+0,50",donnée!CY:CY,"oui") -> 0 | AY62: =COUNTIFS(donnée!$AQ:$AQ,">=+0,26",donnée!$AQ:$AQ,"<=+0,50",donnée!CZ:CZ,"oui") -> 0
B63: +0,25 à -0,25 | C63: =COUNTIFS(donnée!$AQ:$AQ,">=-0,25",donnée!$AQ:$AQ,"<=+0,25",donnée!BO:BO,"oui") -> 0 | D63: =COUNTIFS(donnée!$AQ:$AQ,">=-0,25",donnée!$AQ:$AQ,"<=+0,25",donnée!BP:BP,"oui") -> 0 | E63: =COUNTIFS(donnée!$AQ:$AQ,">=-0,25",donnée!$AQ:$AQ,"<=+0,25",donnée!BQ:BQ,"oui") -> 0 | F63: =COUNTIFS(donnée!$AQ:$AQ,">=-0,25",donnée!$AQ:$AQ,"<=+0,25",donnée!BR:BR,"oui") -> 0 | G63: =COUNTIFS(donnée!$AQ:$AQ,">=-0,25",donnée!$AQ:$AQ,"<=+0,25",donnée!BS:BS,"oui") -> 0 | H63: =COUNTIFS(donnée!$AQ:$AQ,">=-0,25",donnée!$AQ:$AQ,"<=+0,25",donnée!BT:BT,"oui") -> 0 | I63: +0,25 à -0,25 | J63: =COUNTIFS(donnée!$AQ:$AQ,">=-0,25",donnée!$AQ:$AQ,"<=+0,25",donnée!BU:BU,"oui") -> 0 | K63: =COUNTIFS(donnée!$AQ:$AQ,">=-0,25",donnée!$AQ:$AQ,"<=+0,25",donnée!BV:BV,"oui") -> 0 | L63: =COUNTIFS(donnée!$AQ:$AQ,">=-0,25",donnée!$AQ:$AQ,"<=+0,25",donnée!BW:BW,"oui") -> 0 | M63: =COUNTIFS(donnée!$AQ:$AQ,">=-0,25",donnée!$AQ:$AQ,"<=+0,25",donnée!BX:BX,"oui") -> 0 | N63: =COUNTIFS(donnée!$AQ:$AQ,">=-0,25",donnée!$AQ:$AQ,"<=+0,25",donnée!BY:BY,"oui") -> 0 | O63: =COUNTIFS(donnée!$AQ:$AQ,">=-0,25",donnée!$AQ:$AQ,"<=+0,25",donnée!BZ:BZ,"oui") -> 0 | P63: +0,25 à -0,25 | Q63: =COUNTIFS(donnée!$AQ:$AQ,">=-0,25",donnée!$AQ:$AQ,"<=+0,25",donnée!CA:CA,"oui") -> 0 | R63: =COUNTIFS(donnée!$AQ:$AQ,">=-0,25",donnée!$AQ:$AQ,"<=+0,25",donnée!CB:CB,"oui") -> 0 | S63: =COUNTIFS(donnée!$AQ:$AQ,">=-0,25",donnée!$AQ:$AQ,"<=+0,25",donnée!CC:CC,"oui") -> 0 | T63: =COUNTIFS(donnée!$AQ:$AQ,">=-0,25",donnée!$AQ:$AQ,"<=+0,25",donnée!CD:CD,"oui") -> 0 | U63: =COUNTIFS(donnée!$AQ:$AQ,">=-0,25",donnée!$AQ:$AQ,"<=+0,25",donnée!CE:CE,"oui") -> 0 | V63: =COUNTIFS(donnée!$AQ:$AQ,">=-0,25",donnée!$AQ:$AQ,"<=+0,25",donnée!CF:CF,"oui") -> 0 | W63: +0,25 à -0,25 | X63: =COUNTIFS(donnée!$AQ:$AQ,">=-0,25",donnée!$AQ:$AQ,"<=+0,25",donnée!CG:CG,"oui") -> 0 | Y63: =COUNTIFS(donnée!$AQ:$AQ,">=-0,25",donnée!$AQ:$AQ,"<=+0,25",donnée!CH:CH,"oui") -> 0 | Z63: =COUNTIFS(donnée!$AQ:$AQ,">=-0,25",donnée!$AQ:$AQ,"<=+0,25",donnée!CI:CI,"oui") -> 0 | AA63: =COUNTIFS(donnée!$AQ:$AQ,">=-0,25",donnée!$AQ:$AQ,"<=+0,25",donnée!CJ:CJ,"oui") -> 0 | AB63: =COUNTIFS(donnée!$AQ:$AQ,">=-0,25",donnée!$AQ:$AQ,"<=+0,25",donnée!CK:CK,"oui") -> 0 | AD63: +0,25 à -0,25 | AE63: =COUNTIFS(donnée!$AQ:$AQ,">=-0,25",donnée!$AQ:$AQ,"<=+0,25",donnée!CL:CL,"oui") -> 0 | AF63: =COUNTIFS(donnée!$AQ:$AQ,">=-0,25",donnée!$AQ:$AQ,"<=+0,25",donnée!CM:CM,"oui") -> 0 | AG63: =COUNTIFS(donnée!$AQ:$AQ,">=-0,25",donnée!$AQ:$AQ,"<=+0,25",donnée!CN:CN,"oui") -> 0 | AH63: =COUNTIFS(donnée!$AQ:$AQ,">=-0,25",donnée!$AQ:$AQ,"<=+0,25",donnée!CO:CO,"oui") -> 0 | AK63: +0,25 à -0,25 | AL63: =COUNTIFS(donnée!$AQ:$AQ,">=-0,25",donnée!$AQ:$AQ,"<=+0,25",donnée!CP:CP,"oui") -> 0 | AM63: =COUNTIFS(donnée!$AQ:$AQ,">=-0,25",donnée!$AQ:$AQ,"<=+0,25",donnée!CQ:CQ,"oui") -> 0 | AN63: =COUNTIFS(donnée!$AQ:$AQ,">=-0,25",donnée!$AQ:$AQ,"<=+0,25",donnée!CR:CR,"oui") -> 0 | AO63: =COUNTIFS(donnée!$AQ:$AQ,">=-0,25",donnée!$AQ:$AQ,"<=+0,25",donnée!CS:CS,"oui") -> 0 | AR63: +0,25 à -0,25 | AS63: =COUNTIFS(donnée!$AQ:$AQ,">=-0,25",donnée!$AQ:$AQ,"<=+0,25",donnée!CT:CT,"oui") -> 0 | AT63: =COUNTIFS(donnée!$AQ:$AQ,">=-0,25",donnée!$AQ:$AQ,"<=+0,25",donnée!CU:CU,"oui") -> 0 | AU63: =COUNTIFS(donnée!$AQ:$AQ,">=-0,25",donnée!$AQ:$AQ,"<=+0,25",donnée!CV:CV,"oui") -> 0 | AV63: =COUNTIFS(donnée!$AQ:$AQ,">=-0,25",donnée!$AQ:$AQ,"<=+0,25",donnée!CW:CW,"oui") -> 0 | AW63: =COUNTIFS(donnée!$AQ:$AQ,">=-0,25",donnée!$AQ:$AQ,"<=+0,25",donnée!CX:CX,"oui") -> 0 | AX63: =COUNTIFS(donnée!$AQ:$AQ,">=-0,25",donnée!$AQ:$AQ,"<=+0,25",donnée!CY:CY,"oui") -> 0 | AY63: =COUNTIFS(donnée!$AQ:$AQ,">=-0,25",donnée!$AQ:$AQ,"<=+0,25",donnée!CZ:CZ,"oui") -> 0
B64: -0,26 à -0,50 | C64: =COUNTIFS(donnée!$AQ:$AQ,">=-0,50",donnée!$AQ:$AQ,"<=-0,26",donnée!BO:BO,"oui") -> 0 | D64: =COUNTIFS(donnée!$AQ:$AQ,">=-0,50",donnée!$AQ:$AQ,"<=-0,26",donnée!BP:BP,"oui") -> 0 | E64: =COUNTIFS(donnée!$AQ:$AQ,">=-0,50",donnée!$AQ:$AQ,"<=-0,26",donnée!BQ:BQ,"oui") -> 0 | F64: =COUNTIFS(donnée!$AQ:$AQ,">=-0,50",donnée!$AQ:$AQ,"<=-0,26",donnée!BR:BR,"oui") -> 0 | G64: =COUNTIFS(donnée!$AQ:$AQ,">=-0,50",donnée!$AQ:$AQ,"<=-0,26",donnée!BS:BS,"oui") -> 0 | H64: =COUNTIFS(donnée!$AQ:$AQ,">=-0,50",donnée!$AQ:$AQ,"<=-0,26",donnée!BT:BT,"oui") -> 0 | I64: -0,26 à -0,50 | J64: =COUNTIFS(donnée!$AQ:$AQ,">=-0,50",donnée!$AQ:$AQ,"<=-0,26",donnée!BU:BU,"oui") -> 0 | K64: =COUNTIFS(donnée!$AQ:$AQ,">=-0,50",donnée!$AQ:$AQ,"<=-0,26",donnée!BV:BV,"oui") -> 0 | L64: =COUNTIFS(donnée!$AQ:$AQ,">=-0,50",donnée!$AQ:$AQ,"<=-0,26",donnée!BW:BW,"oui") -> 0 | M64: =COUNTIFS(donnée!$AQ:$AQ,">=-0,50",donnée!$AQ:$AQ,"<=-0,26",donnée!BX:BX,"oui") -> 0 | N64: =COUNTIFS(donnée!$AQ:$AQ,">=-0,50",donnée!$AQ:$AQ,"<=-0,26",donnée!BY:BY,"oui") -> 0 | O64: =COUNTIFS(donnée!$AQ:$AQ,">=-0,50",donnée!$AQ:$AQ,"<=-0,26",donnée!BZ:BZ,"oui") -> 0 | P64: -0,26 à -0,50 | Q64: =COUNTIFS(donnée!$AQ:$AQ,">=-0,50",donnée!$AQ:$AQ,"<=-0,26",donnée!CA:CA,"oui") -> 0 | R64: =COUNTIFS(donnée!$AQ:$AQ,">=-0,50",donnée!$AQ:$AQ,"<=-0,26",donnée!CB:CB,"oui") -> 0 | S64: =COUNTIFS(donnée!$AQ:$AQ,">=-0,50",donnée!$AQ:$AQ,"<=-0,26",donnée!CC:CC,"oui") -> 0 | T64: =COUNTIFS(donnée!$AQ:$AQ,">=-0,50",donnée!$AQ:$AQ,"<=-0,26",donnée!CD:CD,"oui") -> 0 | U64: =COUNTIFS(donnée!$AQ:$AQ,">=-0,50",donnée!$AQ:$AQ,"<=-0,26",donnée!CE:CE,"oui") -> 0 | V64: =COUNTIFS(donnée!$AQ:$AQ,">=-0,50",donnée!$AQ:$AQ,"<=-0,26",donnée!CF:CF,"oui") -> 0 | W64: -0,26 à -0,50 | X64: =COUNTIFS(donnée!$AQ:$AQ,">=-0,50",donnée!$AQ:$AQ,"<=-0,26",donnée!CG:CG,"oui") -> 0 | Y64: =COUNTIFS(donnée!$AQ:$AQ,">=-0,50",donnée!$AQ:$AQ,"<=-0,26",donnée!CH:CH,"oui") -> 0 | Z64: =COUNTIFS(donnée!$AQ:$AQ,">=-0,50",donnée!$AQ:$AQ,"<=-0,26",donnée!CI:CI,"oui") -> 0 | AA64: =COUNTIFS(donnée!$AQ:$AQ,">=-0,50",donnée!$AQ:$AQ,"<=-0,26",donnée!CJ:CJ,"oui") -> 0 | AB64: =COUNTIFS(donnée!$AQ:$AQ,">=-0,50",donnée!$AQ:$AQ,"<=-0,26",donnée!CK:CK,"oui") -> 0 | AD64: -0,26 à -0,50 | AE64: =COUNTIFS(donnée!$AQ:$AQ,">=-0,50",donnée!$AQ:$AQ,"<=-0,26",donnée!CL:CL,"oui") -> 0 | AF64: =COUNTIFS(donnée!$AQ:$AQ,">=-0,50",donnée!$AQ:$AQ,"<=-0,26",donnée!CM:CM,"oui") -> 0 | AG64: =COUNTIFS(donnée!$AQ:$AQ,">=-0,50",donnée!$AQ:$AQ,"<=-0,26",donnée!CN:CN,"oui") -> 0 | AH64: =COUNTIFS(donnée!$AQ:$AQ,">=-0,50",donnée!$AQ:$AQ,"<=-0,26",donnée!CO:CO,"oui") -> 0 | AK64: -0,26 à -0,50 | AL64: =COUNTIFS(donnée!$AQ:$AQ,">=-0,50",donnée!$AQ:$AQ,"<=-0,26",donnée!CP:CP,"oui") -> 0 | AM64: =COUNTIFS(donnée!$AQ:$AQ,">=-0,50",donnée!$AQ:$AQ,"<=-0,26",donnée!CQ:CQ,"oui") -> 0 | AN64: =COUNTIFS(donnée!$AQ:$AQ,">=-0,50",donnée!$AQ:$AQ,"<=-0,26",donnée!CR:CR,"oui") -> 0 | AO64: =COUNTIFS(donnée!$AQ:$AQ,">=-0,50",donnée!$AQ:$AQ,"<=-0,26",donnée!CS:CS,"oui") -> 0 | AR64: -0,26 à -0,50 | AS64: =COUNTIFS(donnée!$AQ:$AQ,">=-0,50",donnée!$AQ:$AQ,"<=-0,26",donnée!CT:CT,"oui") -> 0 | AT64: =COUNTIFS(donnée!$AQ:$AQ,">=-0,50",donnée!$AQ:$AQ,"<=-0,26",donnée!CU:CU,"oui") -> 0 | AU64: =COUNTIFS(donnée!$AQ:$AQ,">=-0,50",donnée!$AQ:$AQ,"<=-0,26",donnée!CV:CV,"oui") -> 0 | AV64: =COUNTIFS(donnée!$AQ:$AQ,">=-0,50",donnée!$AQ:$AQ,"<=-0,26",donnée!CW:CW,"oui") -> 0 | AW64: =COUNTIFS(donnée!$AQ:$AQ,">=-0,50",donnée!$AQ:$AQ,"<=-0,26",donnée!CX:CX,"oui") -> 0 | AX64: =COUNTIFS(donnée!$AQ:$AQ,">=-0,50",donnée!$AQ:$AQ,"<=-0,26",donnée!CY:CY,"oui") -> 0 | AY64: =COUNTIFS(donnée!$AQ:$AQ,">=-0,50",donnée!$AQ:$AQ,"<=-0,26",donnée!CZ:CZ,"oui") -> 0
B65: -0,51 à -0,75 | C65: =COUNTIFS(donnée!$AQ:$AQ,">=-0,75",donnée!$AQ:$AQ,"<=-0,51",donnée!BO:BO,"oui") -> 0 | D65: =COUNTIFS(donnée!$AQ:$AQ,">=-0,75",donnée!$AQ:$AQ,"<=-0,51",donnée!BP:BP,"oui") -> 0 | E65: =COUNTIFS(donnée!$AQ:$AQ,">=-0,75",donnée!$AQ:$AQ,"<=-0,51",donnée!BQ:BQ,"oui") -> 0 | F65: =COUNTIFS(donnée!$AQ:$AQ,">=-0,75",donnée!$AQ:$AQ,"<=-0,51",donnée!BR:BR,"oui") -> 0 | G65: =COUNTIFS(donnée!$AQ:$AQ,">=-0,75",donnée!$AQ:$AQ,"<=-0,51",donnée!BS:BS,"oui") -> 0 | H65: =COUNTIFS(donnée!$AQ:$AQ,">=-0,75",donnée!$AQ:$AQ,"<=-0,51",donnée!BT:BT,"oui") -> 0 | I65: -0,51 à -0,75 | J65: =COUNTIFS(donnée!$AQ:$AQ,">=-0,75",donnée!$AQ:$AQ,"<=-0,51",donnée!BU:BU,"oui") -> 0 | K65: =COUNTIFS(donnée!$AQ:$AQ,">=-0,75",donnée!$AQ:$AQ,"<=-0,51",donnée!BV:BV,"oui") -> 0 | L65: =COUNTIFS(donnée!$AQ:$AQ,">=-0,75",donnée!$AQ:$AQ,"<=-0,51",donnée!BW:BW,"oui") -> 0 | M65: =COUNTIFS(donnée!$AQ:$AQ,">=-0,75",donnée!$AQ:$AQ,"<=-0,51",donnée!BX:BX,"oui") -> 0 | N65: =COUNTIFS(donnée!$AQ:$AQ,">=-0,75",donnée!$AQ:$AQ,"<=-0,51",donnée!BY:BY,"oui") -> 0 | O65: =COUNTIFS(donnée!$AQ:$AQ,">=-0,75",donnée!$AQ:$AQ,"<=-0,51",donnée!BZ:BZ,"oui") -> 0 | P65: -0,51 à -0,75 | Q65: =COUNTIFS(donnée!$AQ:$AQ,">=-0,75",donnée!$AQ:$AQ,"<=-0,51",donnée!CA:CA,"oui") -> 0 | R65: =COUNTIFS(donnée!$AQ:$AQ,">=-0,75",donnée!$AQ:$AQ,"<=-0,51",donnée!CB:CB,"oui") -> 0 | S65: =COUNTIFS(donnée!$AQ:$AQ,">=-0,75",donnée!$AQ:$AQ,"<=-0,51",donnée!CC:CC,"oui") -> 0 | T65: =COUNTIFS(donnée!$AQ:$AQ,">=-0,75",donnée!$AQ:$AQ,"<=-0,51",donnée!CD:CD,"oui") -> 0 | U65: =COUNTIFS(donnée!$AQ:$AQ,">=-0,75",donnée!$AQ:$AQ,"<=-0,51",donnée!CE:CE,"oui") -> 0 | V65: =COUNTIFS(donnée!$AQ:$AQ,">=-0,75",donnée!$AQ:$AQ,"<=-0,51",donnée!CF:CF,"oui") -> 0 | W65: -0,51 à -0,75 | X65: =COUNTIFS(donnée!$AQ:$AQ,">=-0,75",donnée!$AQ:$AQ,"<=-0,51",donnée!CG:CG,"oui") -> 0 | Y65: =COUNTIFS(donnée!$AQ:$AQ,">=-0,75",donnée!$AQ:$AQ,"<=-0,51",donnée!CH:CH,"oui") -> 0 | Z65: =COUNTIFS(donnée!$AQ:$AQ,">=-0,75",donnée!$AQ:$AQ,"<=-0,51",donnée!CI:CI,"oui") -> 0 | AA65: =COUNTIFS(donnée!$AQ:$AQ,">=-0,75",donnée!$AQ:$AQ,"<=-0,51",donnée!CJ:CJ,"oui") -> 0 | AB65: =COUNTIFS(donnée!$AQ:$AQ,">=-0,75",donnée!$AQ:$AQ,"<=-0,51",donnée!CK:CK,"oui") -> 0 | AD65: -0,51 à -0,75 | AE65: =COUNTIFS(donnée!$AQ:$AQ,">=-0,75",donnée!$AQ:$AQ,"<=-0,51",donnée!CL:CL,"oui") -> 0 | AF65: =COUNTIFS(donnée!$AQ:$AQ,">=-0,75",donnée!$AQ:$AQ,"<=-0,51",donnée!CM:CM,"oui") -> 0 | AG65: =COUNTIFS(donnée!$AQ:$AQ,">=-0,75",donnée!$AQ:$AQ,"<=-0,51",donnée!CN:CN,"oui") -> 0 | AH65: =COUNTIFS(donnée!$AQ:$AQ,">=-0,75",donnée!$AQ:$AQ,"<=-0,51",donnée!CO:CO,"oui") -> 0 | AK65: -0,51 à -0,75 | AL65: =COUNTIFS(donnée!$AQ:$AQ,">=-0,75",donnée!$AQ:$AQ,"<=-0,51",donnée!CP:CP,"oui") -> 0 | AM65: =COUNTIFS(donnée!$AQ:$AQ,">=-0,75",donnée!$AQ:$AQ,"<=-0,51",donnée!CQ:CQ,"oui") -> 0 | AN65: =COUNTIFS(donnée!$AQ:$AQ,">=-0,75",donnée!$AQ:$AQ,"<=-0,51",donnée!CR:CR,"oui") -> 0 | AO65: =COUNTIFS(donnée!$AQ:$AQ,">=-0,75",donnée!$AQ:$AQ,"<=-0,51",donnée!CS:CS,"oui") -> 0 | AR65: -0,51 à -0,75 | AS65: =COUNTIFS(donnée!$AQ:$AQ,">=-0,75",donnée!$AQ:$AQ,"<=-0,51",donnée!CT:CT,"oui") -> 0 | AT65: =COUNTIFS(donnée!$AQ:$AQ,">=-0,75",donnée!$AQ:$AQ,"<=-0,51",donnée!CU:CU,"oui") -> 0 | AU65: =COUNTIFS(donnée!$AQ:$AQ,">=-0,75",donnée!$AQ:$AQ,"<=-0,51",donnée!CV:CV,"oui") -> 0 | AV65: =COUNTIFS(donnée!$AQ:$AQ,">=-0,75",donnée!$AQ:$AQ,"<=-0,51",donnée!CW:CW,"oui") -> 0 | AW65: =COUNTIFS(donnée!$AQ:$AQ,">=-0,75",donnée!$AQ:$AQ,"<=-0,51",donnée!CX:CX,"oui") -> 0 | AX65: =COUNTIFS(donnée!$AQ:$AQ,">=-0,75",donnée!$AQ:$AQ,"<=-0,51",donnée!CY:CY,"oui") -> 0 | AY65: =COUNTIFS(donnée!$AQ:$AQ,">=-0,75",donnée!$AQ:$AQ,"<=-0,51",donnée!CZ:CZ,"oui") -> 0
B66: -0,76 -1,0 | C66: =COUNTIFS(donnée!$AQ:$AQ,">=-1,0",donnée!$AQ:$AQ,"<=-0,76",donnée!BO:BO,"oui") -> 0 | D66: =COUNTIFS(donnée!$AQ:$AQ,">=-1,0",donnée!$AQ:$AQ,"<=-0,76",donnée!BP:BP,"oui") -> 0 | E66: =COUNTIFS(donnée!$AQ:$AQ,">=-1,0",donnée!$AQ:$AQ,"<=-0,76",donnée!BQ:BQ,"oui") -> 0 | F66: =COUNTIFS(donnée!$AQ:$AQ,">=-1,0",donnée!$AQ:$AQ,"<=-0,76",donnée!BR:BR,"oui") -> 0 | G66: =COUNTIFS(donnée!$AQ:$AQ,">=-1,0",donnée!$AQ:$AQ,"<=-0,76",donnée!BS:BS,"oui") -> 0 | H66: =COUNTIFS(donnée!$AQ:$AQ,">=-1,0",donnée!$AQ:$AQ,"<=-0,76",donnée!BT:BT,"oui") -> 0 | I66: -0,76 -1,0 | J66: =COUNTIFS(donnée!$AQ:$AQ,">=-1,0",donnée!$AQ:$AQ,"<=-0,76",donnée!BU:BU,"oui") -> 0 | K66: =COUNTIFS(donnée!$AQ:$AQ,">=-1,0",donnée!$AQ:$AQ,"<=-0,76",donnée!BV:BV,"oui") -> 0 | L66: =COUNTIFS(donnée!$AQ:$AQ,">=-1,0",donnée!$AQ:$AQ,"<=-0,76",donnée!BW:BW,"oui") -> 0 | M66: =COUNTIFS(donnée!$AQ:$AQ,">=-1,0",donnée!$AQ:$AQ,"<=-0,76",donnée!BX:BX,"oui") -> 0 | N66: =COUNTIFS(donnée!$AQ:$AQ,">=-1,0",donnée!$AQ:$AQ,"<=-0,76",donnée!BY:BY,"oui") -> 0 | O66: =COUNTIFS(donnée!$AQ:$AQ,">=-1,0",donnée!$AQ:$AQ,"<=-0,76",donnée!BZ:BZ,"oui") -> 0 | P66: -0,76 -1,0 | Q66: =COUNTIFS(donnée!$AQ:$AQ,">=-1,0",donnée!$AQ:$AQ,"<=-0,76",donnée!CA:CA,"oui") -> 0 | R66: =COUNTIFS(donnée!$AQ:$AQ,">=-1,0",donnée!$AQ:$AQ,"<=-0,76",donnée!CB:CB,"oui") -> 0 | S66: =COUNTIFS(donnée!$AQ:$AQ,">=-1,0",donnée!$AQ:$AQ,"<=-0,76",donnée!CC:CC,"oui") -> 0 | T66: =COUNTIFS(donnée!$AQ:$AQ,">=-1,0",donnée!$AQ:$AQ,"<=-0,76",donnée!CD:CD,"oui") -> 0 | U66: =COUNTIFS(donnée!$AQ:$AQ,">=-1,0",donnée!$AQ:$AQ,"<=-0,76",donnée!CE:CE,"oui") -> 0 | V66: =COUNTIFS(donnée!$AQ:$AQ,">=-1,0",donnée!$AQ:$AQ,"<=-0,76",donnée!CF:CF,"oui") -> 0 | W66: -0,76 -1,0 | X66: =COUNTIFS(donnée!$AQ:$AQ,">=-1,0",donnée!$AQ:$AQ,"<=-0,76",donnée!CG:CG,"oui") -> 0 | Y66: =COUNTIFS(donnée!$AQ:$AQ,">=-1,0",donnée!$AQ:$AQ,"<=-0,76",donnée!CH:CH,"oui") -> 0 | Z66: =COUNTIFS(donnée!$AQ:$AQ,">=-1,0",donnée!$AQ:$AQ,"<=-0,76",donnée!CI:CI,"oui") -> 0 | AA66: =COUNTIFS(donnée!$AQ:$AQ,">=-1,0",donnée!$AQ:$AQ,"<=-0,76",donnée!CJ:CJ,"oui") -> 0 | AB66: =COUNTIFS(donnée!$AQ:$AQ,">=-1,0",donnée!$AQ:$AQ,"<=-0,76",donnée!CK:CK,"oui") -> 0 | AD66: -0,76 -1,0 | AE66: =COUNTIFS(donnée!$AQ:$AQ,">=-1,0",donnée!$AQ:$AQ,"<=-0,76",donnée!CL:CL,"oui") -> 0 | AF66: =COUNTIFS(donnée!$AQ:$AQ,">=-1,0",donnée!$AQ:$AQ,"<=-0,76",donnée!CM:CM,"oui") -> 0 | AG66: =COUNTIFS(donnée!$AQ:$AQ,">=-1,0",donnée!$AQ:$AQ,"<=-0,76",donnée!CN:CN,"oui") -> 0 | AH66: =COUNTIFS(donnée!$AQ:$AQ,">=-1,0",donnée!$AQ:$AQ,"<=-0,76",donnée!CO:CO,"oui") -> 0 | AK66: -0,76 -1,0 | AL66: =COUNTIFS(donnée!$AQ:$AQ,">=-1,0",donnée!$AQ:$AQ,"<=-0,76",donnée!CP:CP,"oui") -> 0 | AM66: =COUNTIFS(donnée!$AQ:$AQ,">=-1,0",donnée!$AQ:$AQ,"<=-0,76",donnée!CQ:CQ,"oui") -> 0 | AN66: =COUNTIFS(donnée!$AQ:$AQ,">=-1,0",donnée!$AQ:$AQ,"<=-0,76",donnée!CR:CR,"oui") -> 0 | AO66: =COUNTIFS(donnée!$AQ:$AQ,">=-1,0",donnée!$AQ:$AQ,"<=-0,76",donnée!CS:CS,"oui") -> 0 | AR66: -0,76 -1,0 | AS66: =COUNTIFS(donnée!$AQ:$AQ,">=-1,0",donnée!$AQ:$AQ,"<=-0,76",donnée!CT:CT,"oui") -> 0 | AT66: =COUNTIFS(donnée!$AQ:$AQ,">=-1,0",donnée!$AQ:$AQ,"<=-0,76",donnée!CU:CU,"oui") -> 0 | AU66: =COUNTIFS(donnée!$AQ:$AQ,">=-1,0",donnée!$AQ:$AQ,"<=-0,76",donnée!CV:CV,"oui") -> 0 | AV66: =COUNTIFS(donnée!$AQ:$AQ,">=-1,0",donnée!$AQ:$AQ,"<=-0,76",donnée!CW:CW,"oui") -> 0 | AW66: =COUNTIFS(donnée!$AQ:$AQ,">=-1,0",donnée!$AQ:$AQ,"<=-0,76",donnée!CX:CX,"oui") -> 0 | AX66: =COUNTIFS(donnée!$AQ:$AQ,">=-1,0",donnée!$AQ:$AQ,"<=-0,76",donnée!CY:CY,"oui") -> 0 | AY66: =COUNTIFS(donnée!$AQ:$AQ,">=-1,0",donnée!$AQ:$AQ,"<=-0,76",donnée!CZ:CZ,"oui") -> 0
B67: > -1,0 | C67: =COUNTIFS(donnée!$AQ:$AQ,"<=-1,0",donnée!BO:BO,"oui") -> 0 | D67: =COUNTIFS(donnée!$AQ:$AQ,"<=-1,0",donnée!BP:BP,"oui") -> 0 | E67: =COUNTIFS(donnée!$AQ:$AQ,"<=-1,0",donnée!BQ:BQ,"oui") -> 0 | F67: =COUNTIFS(donnée!$AQ:$AQ,"<=-1,0",donnée!BR:BR,"oui") -> 0 | G67: =COUNTIFS(donnée!$AQ:$AQ,"<=-1,0",donnée!BS:BS,"oui") -> 0 | H67: =COUNTIFS(donnée!$AQ:$AQ,"<=-1,0",donnée!BT:BT,"oui") -> 0 | I67: > -1,0 | J67: =COUNTIFS(donnée!$AQ:$AQ,"<=-1,0",donnée!BU:BU,"oui") -> 0 | K67: =COUNTIFS(donnée!$AQ:$AQ,"<=-1,0",donnée!BV:BV,"oui") -> 0 | L67: =COUNTIFS(donnée!$AQ:$AQ,"<=-1,0",donnée!BW:BW,"oui") -> 0 | M67: =COUNTIFS(donnée!$AQ:$AQ,"<=-1,0",donnée!BX:BX,"oui") -> 0 | N67: =COUNTIFS(donnée!$AQ:$AQ,"<=-1,0",donnée!BY:BY,"oui") -> 0 | O67: =COUNTIFS(donnée!$AQ:$AQ,"<=-1,0",donnée!BZ:BZ,"oui") -> 0 | P67: > -1,0 | Q67: =COUNTIFS(donnée!$AQ:$AQ,"<=-1,0",donnée!CA:CA,"oui") -> 0 | R67: =COUNTIFS(donnée!$AQ:$AQ,"<=-1,0",donnée!CB:CB,"oui") -> 0 | S67: =COUNTIFS(donnée!$AQ:$AQ,"<=-1,0",donnée!CC:CC,"oui") -> 0 | T67: =COUNTIFS(donnée!$AQ:$AQ,"<=-1,0",donnée!CD:CD,"oui") -> 0 | U67: =COUNTIFS(donnée!$AQ:$AQ,"<=-1,0",donnée!CE:CE,"oui") -> 0 | V67: =COUNTIFS(donnée!$AQ:$AQ,"<=-1,0",donnée!CF:CF,"oui") -> 0 | W67: > -1,0 | X67: =COUNTIFS(donnée!$AQ:$AQ,"<=-1,0",donnée!CG:CG,"oui") -> 0 | Y67: =COUNTIFS(donnée!$AQ:$AQ,"<=-1,0",donnée!CH:CH,"oui") -> 0 | Z67: =COUNTIFS(donnée!$AQ:$AQ,"<=-1,0",donnée!CI:CI,"oui") -> 0 | AA67: =COUNTIFS(donnée!$AQ:$AQ,"<=-1,0",donnée!CJ:CJ,"oui") -> 0 | AB67: =COUNTIFS(donnée!$AQ:$AQ,"<=-1,0",donnée!CK:CK,"oui") -> 0 | AD67: > -1,0 | AE67: =COUNTIFS(donnée!$AQ:$AQ,"<=-1,0",donnée!CL:CL,"oui") -> 0 | AF67: =COUNTIFS(donnée!$AQ:$AQ,"<=-1,0",donnée!CM:CM,"oui") -> 0 | AG67: =COUNTIFS(donnée!$AQ:$AQ,"<=-1,0",donnée!CN:CN,"oui") -> 0 | AH67: =COUNTIFS(donnée!$AQ:$AQ,"<=-1,0",donnée!CO:CO,"oui") -> 0 | AK67: > -1,0 | AL67: =COUNTIFS(donnée!$AQ:$AQ,"<=-1,0",donnée!CP:CP,"oui") -> 0 | AM67: =COUNTIFS(donnée!$AQ:$AQ,"<=-1,0",donnée!CQ:CQ,"oui") -> 0 | AN67: =COUNTIFS(donnée!$AQ:$AQ,"<=-1,0",donnée!CR:CR,"oui") -> 0 | AO67: =COUNTIFS(donnée!$AQ:$AQ,"<=-1,0",donnée!CS:CS,"oui") -> 0 | AR67: > -1,0 | AS67: =COUNTIFS(donnée!$AQ:$AQ,"<=-1,0",donnée!CT:CT,"oui") -> 0 | AT67: =COUNTIFS(donnée!$AQ:$AQ,"<=-1,0",donnée!CU:CU,"oui") -> 0 | AU67: =COUNTIFS(donnée!$AQ:$AQ,"<=-1,0",donnée!CV:CV,"oui") -> 0 | AV67: =COUNTIFS(donnée!$AQ:$AQ,"<=-1,0",donnée!CW:CW,"oui") -> 0 | AW67: =COUNTIFS(donnée!$AQ:$AQ,"<=-1,0",donnée!CX:CX,"oui") -> 0 | AX67: =COUNTIFS(donnée!$AQ:$AQ,"<=-1,0",donnée!CY:CY,"oui") -> 0 | AY67: =COUNTIFS(donnée!$AQ:$AQ,"<=-1,0",donnée!CZ:CZ,"oui") -> 0
C84: PUISSANCE IOL =>30 | D84: PUISSANCE IOL 30 => 25 | E84: PUISSANCE IOL 25 => 15 | F84: PUISSANCE IOL 15 => 10 | G84: PUISSANCE IOL 10 => 0 | H84: PUISSANCE IOL 0=> | J84: œil extrème >28mm | K84: Œil très long 28>26 | L84: Œil long 26>24,5 | M84: Œil long NORMAL 24,5>22,5 | N84: Œil court 22,5>20 | O84: Œil très court <20 | Q84: K extrème >48,5 | R84: K CAMBRE 48,5>46,5 | S84: K CAMBRE- 46,5>45 | T84: K NORM 45>43 | U84: K PLAT- 43>41 | V84: K PLAT >41,0 | X84: CA extrème >4,0 | Y84: CA profonde 4>3,5 | Z84: CA NORM 3,5>2,5 | AA84: CA ETROITE 2,5>2,0 | AB84: CA tres etroite <2,0 | AE84: LT TRES EPAIS >5,3 | AF84: LT EPAIS 5,3>4,9 | AG84: LT NORMAL 4,9>3,8 | AH84: LT FIN>3,8 | AL84: WTW EXTREME >13 | AM84: WTW GRAND 13>12,5 | AN84: WTW NORM 12,5>11,5 | AO84: WTW PETITE <11,5 | AS84: AGE +90 | AT84: AGE 89 => 80 | AU84: AGE 80 => 70 | AV84: AGE 69 => 60 | AW84: AGE 59 => 50 | AX84: AGE 49 => 40 | AY84: AGE -39
B85: Zeiss
A86: =' selon Dptr et formule'!C42 -> 0 | B86: >+1,0
A87: =' selon Dptr et formule'!C43 -> 0 | B87: +1,0 à +0,76
A88: =' selon Dptr et formule'!C44 -> 0 | B88: +0,75 à +0,51
A89: =' selon Dptr et formule'!C45 -> 0 | B89: +0,50 à +0,26
A90: =' selon Dptr et formule'!C46 -> 0 | B90: +0,25 à -0,25
A91: =' selon Dptr et formule'!C47 -> 0 | B91: -0,26 à -0,50
A92: =' selon Dptr et formule'!C48 -> 0 | B92: -0,51 à -0,75
A93: =' selon Dptr et formule'!C49 -> 0 | B93: -0,76 -1,0
A94: =' selon Dptr et formule'!C50 -> 0 | B94: > -1,0

Sheet type oeil formule 2
C2: PUISSANCE IOL =>30 | D2: PUISSANCE IOL 30 => 25 | E2: PUISSANCE IOL 25 => 15 | F2: PUISSANCE IOL 15 => 10 | G2: PUISSANCE IOL 10 => 0 | H2: PUISSANCE IOL 0=> | J2: œil extrème >28mm | K2: Œil très long 28>26 | L2: Œil long 26>24,5 | M2: Œil long NORMAL 24,5>22,5 | N2: Œil court 22,5>20 | O2: Œil très court <20 | Q2: K extrème >48,5 | R2: K CAMBRE 48,5>46,5 | S2: K CAMBRE- 46,5>45 | T2: K NORM 45>43 | U2: K PLAT- 43>41 | V2: K PLAT >41,0 | X2: CA extrème >4,0 | Y2: CA profonde 4>3,5 | Z2: CA NORM 3,5>2,5 | AA2: CA ETROITE 2,5>2,0 | AB2: CA tres etroite <2,0 | AE2: LT TRES EPAIS >5,3 | AF2: LT EPAIS 5,3>4,9 | AG2: LT NORMAL 4,9>3,8 | AH2: LT FIN>3,8 | AL2: WTW EXTREME >13 | AM2: WTW GRAND 13>12,5 | AN2: WTW NORM 12,5>11,5 | AO2: WTW PETITE <11,5 | AS2: AGE +90 | AT2: AGE 89 => 80 | AU2: AGE 80 => 70 | AV2: AGE 69 => 60 | AW2: AGE 59 => 50 | AX2: AGE 49 => 40 | AY2: AGE -39
B3: BARRETTE
B4: barrett >+1,0 | C4: =' typ oeil formulle'!C4 -> 0 | D4: =' typ oeil formulle'!D4 -> 0 | E4: =' typ oeil formulle'!E4 -> 0 | F4: =' typ oeil formulle'!F4 -> 0 | G4: =' typ oeil formulle'!G4 -> 0 | H4: =' typ oeil formulle'!H4 -> 0 | I4: =' typ oeil formulle'!I4 -> >+1,0 | J4: =' typ oeil formulle'!J4 -> 0 | ... AY4: =' typ oeil formulle'!AY4 -> 0
B5: barrett +1,0 à +0,76 | C5: =' typ oeil formulle'!C5 -> 0 | D5: =' typ oeil formulle'!D5 -> 0 | E5: =' typ oeil formulle'!E5 -> 0 | F5: =' typ oeil formulle'!F5 -> 0 | G5: =' typ oeil formulle'!G5 -> 0 | H5: =' typ oeil formulle'!H5 -> 0 | I5: =' typ oeil formulle'!I5 -> +1,0 à +0,76 | J5: =' typ oeil formulle'!J5 -> 0 | ... AY5: =' typ oeil formulle'!AY5 -> 0
B6: barrett +0,75 à +0,51 | C6: =' typ oeil formulle'!C6 -> 0 | D6: =' typ oeil formulle'!D6 -> 0 | E6: =' typ oeil formulle'!E6 -> 0 | F6: =' typ oeil formulle'!F6 -> 0 | G6: =' typ oeil formulle'!G6 -> 0 | H6: =' typ oeil formulle'!H6 -> 0 | I6: =' typ oeil formulle'!I6 -> +0,75 à +0,51 | J6: =' typ oeil formulle'!J6 -> 0 | ... AY6: =' typ oeil formulle'!AY6 -> 0
B7: barrett +0,50 à +0,26 | C7: =' typ oeil formulle'!C7 -> 0 | D7: =' typ oeil formulle'!D7 -> 0 | E7: =' typ oeil formulle'!E7 -> 0 | F7: =' typ oeil formulle'!F7 -> 0 | G7: =' typ oeil formulle'!G7 -> 0 | H7: =' typ oeil formulle'!H7 -> 0 | I7: =' typ oeil formulle'!I7 -> +0,50 à +0,26 | J7: =' typ oeil formulle'!J7 -> 0 | ... AY7: =' typ oeil formulle'!AY7 -> 0
B8: barrett +0,25 à -0,25 | C8: =' typ oeil formulle'!C8 -> 0 | D8: =' typ oeil formulle'!D8 -> 0 | E8: =' typ oeil formulle'!E8 -> 0 | F8: =' typ oeil formulle'!F8 -> 0 | G8: =' typ oeil formulle'!G8 -> 0 | H8: =' typ oeil formulle'!H8 -> 0 | I8: =' typ oeil formulle'!I8 -> +0,25 à -0,25 | J8: =' typ oeil formulle'!J8 -> 0 | ... AY8: =' typ oeil formulle'!AY8 -> 0
B9: barrett -0,26 à -0,50 | C9: =' typ oeil formulle'!C9 -> 0 | D9: =' typ oeil formulle'!D9 -> 0 | E9: =' typ oeil formulle'!E9 -> 0 | F9: =' typ oeil formulle'!F9 -> 0 | G9: =' typ oeil formulle'!G9 -> 0 | H9: =' typ oeil formulle'!H9 -> 0 | I9: =' typ oeil formulle'!I9 -> -0,26 à -0,50 | J9: =' typ oeil formulle'!J9 -> 0 | ... AY9: =' typ oeil formulle'!AY9 -> 0
B10: barrett -0,51 à -0,75 | C10: =' typ oeil formulle'!C10 -> 0 | D10: =' typ oeil formulle'!D10 -> 0 | E10: =' typ oeil formulle'!E10 -> 0 | F10: =' typ oeil formulle'!F10 -> 0 | G10: =' typ oeil formulle'!G10 -> 0 | H10: =' typ oeil formulle'!H10 -> 0 | I10: =' typ oeil formulle'!I10 -> -0,51 à -0,75 | J10: =' typ oeil formulle'!J10 -> 0 | ... AY10: =' typ oeil formulle'!AY10 -> 0
B11: barrett -0,76 -1,0 | C11: =' typ oeil formulle'!C11 -> 0 | D11: =' typ oeil formulle'!D11 -> 0 | E11: =' typ oeil formulle'!E11 -> 0 | F11: =' typ oeil formulle'!F11 -> 0 | G11: =' typ oeil formulle'!G11 -> 0 | H11: =' typ oeil formulle'!H11 -> 0 | I11: =' typ oeil formulle'!I11 -> -0,76 -1,0 | J11: =' typ oeil formulle'!J11 -> 0 | ... AY11: =' typ oeil formulle'!AY11 -> 0
B12: barrett > -1,0 | C12: =' typ oeil formulle'!C12 -> 0 | D12: =' typ oeil formulle'!D12 -> 0 | E12: =' typ oeil formulle'!E12 -> 0 | F12: =' typ oeil formulle'!F12 -> 0 | G12: =' typ oeil formulle'!G12 -> 0 | H12: =' typ oeil formulle'!H12 -> 0 | I12: =' typ oeil formulle'!I12 -> > -1,0 | J12: =' typ oeil formulle'!J12 -> 0 | ... AY12: =' typ oeil formulle'!AY12 -> 0
B13: HAIGIS
B14: haigis >+1,0 | C14: =' typ oeil formulle'!C32 -> 0 | D14: =' typ oeil formulle'!D32 -> 0 | E14: =' typ oeil formulle'!E32 -> 0 | F14: =' typ oeil formulle'!F32 -> 0 | G14: =' typ oeil formulle'!G32 -> 0 | H14: =' typ oeil formulle'!H32 -> 0 | I14: =' typ oeil formulle'!I32 -> >+1,0 | J14: =' typ oeil formulle'!J32 -> 0 | ... V14: =' typ oeil formulle'!V32 -> 0 | X14: =' typ oeil formulle'!X32 -> 0 | Y14: =' typ oeil formulle'!Y32 -> 0 | Z14: =' typ oeil formulle'!Z32 -> 0 | AA14: =' typ oeil formulle'!AA32 -> 0 | AB14: =' typ oeil formulle'!AB32 -> 0 | AC14: =' typ oeil formulle'!AC32 -> 0 | AD14: =' typ oeil formulle'!AD32 -> >+1,0 | AE14: =' typ oeil formulle'!AE32 -> 0 | ... AH14: =' typ oeil formulle'!AH32 -> 0 | AK14: =' typ oeil formulle'!AK32 -> >+1,0 | AL14: =' typ oeil formulle'!AL32 -> 0 | AM14: =' typ oeil formulle'!AM32 -> 0 | AN14: =' typ oeil formulle'!AN32 -> 0 | AO14: =' typ oeil formulle'!AO32 -> 0 | AR14: =' typ oeil formulle'!AR32 -> >+1,0 | AS14: =' typ oeil formulle'!AS32 -> 0 | AT14: =' typ oeil formulle'!AT32 -> 0 | AU14: =' typ oeil formulle'!AU32 -> 0 | AV14: =' typ oeil formulle'!AV32 -> 0 | AW14: =' typ oeil formulle'!AW32 -> 0 | AX14: =' typ oeil formulle'!AX32 -> 0 | AY14: =' typ oeil formulle'!AY32 -> 0
B15: haigis +1,0 à +0,76 | C15: =' typ oeil formulle'!C33 -> 0 | D15: =' typ oeil formulle'!D33 -> 0 | E15: =' typ oeil formulle'!E33 -> 0 | F15: =' typ oeil formulle'!F33 -> 0 | G15: =' typ oeil formulle'!G33 -> 0 | H15: =' typ oeil formulle'!H33 -> 0 | I15: =' typ oeil formulle'!I33 -> +1,0 à +0,76 | J15: =' typ oeil formulle'!J33 -> 0 | ... V15: =' typ oeil formulle'!V33 -> 0 | X15: =' typ oeil formulle'!X33 -> 0 | Y15: =' typ oeil formulle'!Y33 -> 0 | Z15: =' typ oeil formulle'!Z33 -> 0 | AA15: =' typ oeil formulle'!AA33 -> 0 | AB15: =' typ oeil formulle'!AB33 -> 0 | AC15: =' typ oeil formulle'!AC33 -> 0 | AD15: =' typ oeil formulle'!AD33 -> +1,0 à +0,76 | AE15: =' typ oeil formulle'!AE33 -> 0 | ... AH15: =' typ oeil formulle'!AH33 -> 0 | AK15: =' typ oeil formulle'!AK33 -> +1,0 à +0,76 | AL15: =' typ oeil formulle'!AL33 -> 0 | AM15: =' typ oeil formulle'!AM33 -> 0 | AN15: =' typ oeil formulle'!AN33 -> 0 | AO15: =' typ oeil formulle'!AO33 -> 0 | AR15: =' typ oeil formulle'!AR33 -> +1,0 à +0,76 | AS15: =' typ oeil formulle'!AS33 -> 0 | AT15: =' typ oeil formulle'!AT33 -> 0 | AU15: =' typ oeil formulle'!AU33 -> 0 | AV15: =' typ oeil formulle'!AV33 -> 0 | AW15: =' typ oeil formulle'!AW33 -> 0 | AX15: =' typ oeil formulle'!AX33 -> 0 | AY15: =' typ oeil formulle'!AY33 -> 0
B16: haigis +0,75 à +0,51 | C16: =' typ oeil formulle'!C34 -> 0 | D16: =' typ oeil formulle'!D34 -> 0 | E16: =' typ oeil formulle'!E34 -> 0 | F16: =' typ oeil formulle'!F34 -> 0 | G16: =' typ oeil formulle'!G34 -> 0 | H16: =' typ oeil formulle'!H34 -> 0 | I16: =' typ oeil formulle'!I34 -> +0,75 à +0,51 | J16: =' typ oeil formulle'!J34 -> 0 | ... V16: =' typ oeil formulle'!V34 -> 0 | X16: =' typ oeil formulle'!X34 -> 0 | Y16: =' typ oeil formulle'!Y34 -> 0 | Z16: =' typ oeil formulle'!Z34 -> 0 | AA16: =' typ oeil formulle'!AA34 -> 0 | AB16: =' typ oeil formulle'!AB34 -> 0 | AC16: =' typ oeil formulle'!AC34 -> 0 | AD16: =' typ oeil formulle'!AD34 -> +0,75 à +0,51 | AE16: =' typ oeil formulle'!AE34 -> 0 | ... AH16: =' typ oeil formulle'!AH34 -> 0 | AK16: =' typ oeil formulle'!AK34 -> +0,75 à +0,51 | AL16: =' typ oeil formulle'!AL34 -> 0 | AM16: =' typ oeil formulle'!AM34 -> 0 | AN16: =' typ oeil formulle'!AN34 -> 0 | AO16: =' typ oeil formulle'!AO34 -> 0 | AR16: =' typ oeil formulle'!AR34 -> +0,75 à +0,51 | AS16: =' typ oeil formulle'!AS34 -> 0 | AT16: =' typ oeil formulle'!AT34 -> 0 | AU16: =' typ oeil formulle'!AU34 -> 0 | AV16: =' typ oeil formulle'!AV34 -> 0 | AW16: =' typ oeil formulle'!AW34 -> 0 | AX16: =' typ oeil formulle'!AX34 -> 0 | AY16: =' typ oeil formulle'!AY34 -> 0
B17: haigis +0,50 à +0,26 | C17: =' typ oeil formulle'!C35 -> 0 | D17: =' typ oeil formulle'!D35 -> 0 | E17: =' typ oeil formulle'!E35 -> 0 | F17: =' typ oeil formulle'!F35 -> 0 | G17: =' typ oeil formulle'!G35 -> 0 | H17: =' typ oeil formulle'!H35 -> 0 | I17: =' typ oeil formulle'!I35 -> +0,50 à +0,26 | J17: =' typ oeil formulle'!J35 -> 0 | ... V17: =' typ oeil formulle'!V35 -> 0 | X17: =' typ oeil formulle'!X35 -> 0 | Y17: =' typ oeil formulle'!Y35 -> 0 | Z17: =' typ oeil formulle'!Z35 -> 0 | AA17: =' typ oeil formulle'!AA35 -> 0 | AB17: =' typ oeil formulle'!AB35 -> 0 | AC17: =' typ oeil formulle'!AC35 -> 0 | AD17: =' typ oeil formulle'!AD35 -> +0,50 à +0,26 | AE17: =' typ oeil formulle'!AE35 -> 0 | ... AH17: =' typ oeil formulle'!AH35 -> 0 | AK17: =' typ oeil formulle'!AK35 -> +0,50 à +0,26 | AL17: =' typ oeil formulle'!AL35 -> 0 | AM17: =' typ oeil formulle'!AM35 -> 0 | AN17: =' typ oeil formulle'!AN35 -> 0 | AO17: =' typ oeil formulle'!AO35 -> 0 | AR17: =' typ oeil formulle'!AR35 -> +0,50 à +0,26 | AS17: =' typ oeil formulle'!AS35 -> 0 | AT17: =' typ oeil formulle'!AT35 -> 0 | AU17: =' typ oeil formulle'!AU35 -> 0 | AV17: =' typ oeil formulle'!AV35 -> 0 | AW17: =' typ oeil formulle'!AW35 -> 0 | AX17: =' typ oeil formulle'!AX35 -> 0 | AY17: =' typ oeil formulle'!AY35 -> 0
B18: haigis +0,25 à -0,25 | C18: =' typ oeil formulle'!C36 -> 0 | D18: =' typ oeil formulle'!D36 -> 0 | E18: =' typ oeil formulle'!E36 -> 0 | F18: =' typ oeil formulle'!F36 -> 0 | G18: =' typ oeil formulle'!G36 -> 0 | H18: =' typ oeil formulle'!H36 -> 0 | I18: =' typ oeil formulle'!I36 -> +0,25 à -0,25 | J18: =' typ oeil formulle'!J36 -> 0 | ... V18: =' typ oeil formulle'!V36 -> 0 | X18: =' typ oeil formulle'!X36 -> 0 | Y18: =' typ oeil formulle'!Y36 -> 0 | Z18: =' typ oeil formulle'!Z36 -> 0 | AA18: =' typ oeil formulle'!AA36 -> 0 | AB18: =' typ oeil formulle'!AB36 -> 0 | AC18: =' typ oeil formulle'!AC36 -> 0 | AD18: =' typ oeil formulle'!AD36 -> +0,25 à -0,25 | AE18: =' typ oeil formulle'!AE36 -> 0 | ... AH18: =' typ oeil formulle'!AH36 -> 0 | AK18: =' typ oeil formulle'!AK36 -> +0,25 à -0,25 | AL18: =' typ oeil formulle'!AL36 -> 0 | AM18: =' typ oeil formulle'!AM36 -> 0 | AN18: =' typ oeil formulle'!AN36 -> 0 | AO18: =' typ oeil formulle'!AO36 -> 0 | AR18: =' typ oeil formulle'!AR36 -> +0,25 à -0,25 | AS18: =' typ oeil formulle'!AS36 -> 0 | AT18: =' typ oeil formulle'!AT36 -> 0 | AU18: =' typ oeil formulle'!AU36 -> 0 | AV18: =' typ oeil formulle'!AV36 -> 0 | AW18: =' typ oeil formulle'!AW36 -> 0 | AX18: =' typ oeil formulle'!AX36 -> 0 | AY18: =' typ oeil formulle'!AY36 -> 0
B19: haigis -0,26 à -0,50 | C19: =' typ oeil formulle'!C37 -> 0 | D19: =' typ oeil formulle'!D37 -> 0 | E19: =' typ oeil formulle'!E37 -> 0 | F19: =' typ oeil formulle'!F37 -> 0 | G19: =' typ oeil formulle'!G37 -> 0 | H19: =' typ oeil formulle'!H37 -> 0 | I19: =' typ oeil formulle'!I37 -> -0,26 à -0,50 | J19: =' typ oeil formulle'!J37 -> 0 | ... V19: =' typ oeil formulle'!V37 -> 0 | X19: =' typ oeil formulle'!X37 -> 0 | Y19: =' typ oeil formulle'!Y37 -> 0 | Z19: =' typ oeil formulle'!Z37 -> 0 | AA19: =' typ oeil formulle'!AA37 -> 0 | AB19: =' typ oeil formulle'!AB37 -> 0 | AC19: =' typ oeil formulle'!AC37 -> 0 | AD19: =' typ oeil formulle'!AD37 -> -0,26 à -0,50 | AE19: =' typ oeil formulle'!AE37 -> 0 | ... AH19: =' typ oeil formulle'!AH37 -> 0 | AK19: =' typ oeil formulle'!AK37 -> -0,26 à -0,50 | AL19: =' typ oeil formulle'!AL37 -> 0 | AM19: =' typ oeil formulle'!AM37 -> 0 | AN19: =' typ oeil formulle'!AN37 -> 0 | AO19: =' typ oeil formulle'!AO37 -> 0 | AR19: =' typ oeil formulle'!AR37 -> -0,26 à -0,50 | AS19: =' typ oeil formulle'!AS37 -> 0 | AT19: =' typ oeil formulle'!AT37 -> 0 | AU19: =' typ oeil formulle'!AU37 -> 0 | AV19: =' typ oeil formulle'!AV37 -> 0 | AW19: =' typ oeil formulle'!AW37 -> 0 | AX19: =' typ oeil formulle'!AX37 -> 0 | AY19: =' typ oeil formulle'!AY37 -> 0
B20: haigis -0,51 à -0,75 | C20: =' typ oeil formulle'!C38 -> 0 | D20: =' typ oeil formulle'!D38 -> 0 | E20: =' typ oeil formulle'!E38 -> 0 | F20: =' typ oeil formulle'!F38 -> 0 | G20: =' typ oeil formulle'!G38 -> 0 | H20: =' typ oeil formulle'!H38 -> 0 | I20: =' typ oeil formulle'!I38 -> -0,51 à -0,75 | J20: =' typ oeil formulle'!J38 -> 0 | ... V20: =' typ oeil formulle'!V38 -> 0 | X20: =' typ oeil formulle'!X38 -> 0 | Y20: =' typ oeil formulle'!Y38 -> 0 | Z20: =' typ oeil formulle'!Z38 -> 0 | AA20: =' typ oeil formulle'!AA38 -> 0 | AB20: =' typ oeil formulle'!AB38 -> 0 | AC20: =' typ oeil formulle'!AC38 -> 0 | AD20: =' typ oeil formulle'!AD38 -> -0,51 à -0,75 | AE20: =' typ oeil formulle'!AE38 -> 0 | ... AH20: =' typ oeil formulle'!AH38 -> 0 | AK20: =' typ oeil formulle'!AK38 -> -0,51 à -0,75 | AL20: =' typ oeil formulle'!AL38 -> 0 | AM20: =' typ oeil formulle'!AM38 -> 0 | AN20: =' typ oeil formulle'!AN38 -> 0 | AO20: =' typ oeil formulle'!AO38 -> 0 | AR20: =' typ oeil formulle'!AR38 -> -0,51 à -0,75 | AS20: =' typ oeil formulle'!AS38 -> 0 | AT20: =' typ oeil formulle'!AT38 -> 0 | AU20: =' typ oeil formulle'!AU38 -> 0 | AV20: =' typ oeil formulle'!AV38 -> 0 | AW20: =' typ oeil formulle'!AW38 -> 0 | AX20: =' typ oeil formulle'!AX38 -> 0 | AY20: =' typ oeil formulle'!AY38 -> 0
B21: haigis -0,76 -1,0 | C21: =' typ oeil formulle'!C39 -> 0 | D21: =' typ oeil formulle'!D39 -> 0 | E21: =' typ oeil formulle'!E39 -> 0 | F21: =' typ oeil formulle'!F39 -> 0 | G21: =' typ oeil formulle'!G39 -> 0 | H21: =' typ oeil formulle'!H39 -> 0 | I21: =' typ oeil formulle'!I39 -> -0,76 -1,0 | J21: =' typ oeil formulle'!J39 -> 0 | ... V21: =' typ oeil formulle'!V39 -> 0 | X21: =' typ oeil formulle'!X39 -> 0 | Y21: =' typ oeil formulle'!Y39 -> 0 | Z21: =' typ oeil formulle'!Z39 -> 0 | AA21: =' typ oeil formulle'!AA39 -> 0 | AB21: =' typ oeil formulle'!AB39 -> 0 | AC21: =' typ oeil formulle'!AC39 -> 0 | AD21: =' typ oeil formulle'!AD39 -> -0,76 -1,0 | AE21: =' typ oeil formulle'!AE39 -> 0 | ... AH21: =' typ oeil formulle'!AH39 -> 0 | AK21: =' typ oeil formulle'!AK39 -> -0,76 -1,0 | AL21: =' typ oeil formulle'!AL39 -> 0 | AM21: =' typ oeil formulle'!AM39 -> 0 | AN21: =' typ oeil formulle'!AN39 -> 0 | AO21: =' typ oeil formulle'!AO39 -> 0 | AR21: =' typ oeil formulle'!AR39 -> -0,76 -1,0 | AS21: =' typ oeil formulle'!AS39 -> 0 | AT21: =' typ oeil formulle'!AT39 -> 0 | AU21: =' typ oeil formulle'!AU39 -> 0 | AV21: =' typ oeil formulle'!AV39 -> 0 | AW21: =' typ oeil formulle'!AW39 -> 0 | AX21: =' typ oeil formulle'!AX39 -> 0 | AY21: =' typ oeil formulle'!AY39 -> 0
B22: haigis > -1,0 | C22: =' typ oeil formulle'!C40 -> 0 | D22: =' typ oeil formulle'!D40 -> 0 | E22: =' typ oeil formulle'!E40 -> 0 | F22: =' typ oeil formulle'!F40 -> 0 | G22: =' typ oeil formulle'!G40 -> 0 | H22: =' typ oeil formulle'!H40 -> 0 | I22: =' typ oeil formulle'!I40 -> > -1,0 | J22: =' typ oeil formulle'!J40 -> 0 | ... V22: =' typ oeil formulle'!V40 -> 0 | X22: =' typ oeil formulle'!X40 -> 0 | Y22: =' typ oeil formulle'!Y40 -> 0 | Z22: =' typ oeil formulle'!Z40 -> 0 | AA22: =' typ oeil formulle'!AA40 -> 0 | AB22: =' typ oeil formulle'!AB40 -> 0 | AC22: =' typ oeil formulle'!AC40 -> 0 | AD22: =' typ oeil formulle'!AD40 -> > -1,0 | AE22: =' typ oeil formulle'!AE40 -> 0 | ... AH22: =' typ oeil formulle'!AH40 -> 0 | AK22: =' typ oeil formulle'!AK40 -> > -1,0 | AL22: =' typ oeil formulle'!AL40 -> 0 | AM22: =' typ oeil formulle'!AM40 -> 0 | AN22: =' typ oeil formulle'!AN40 -> 0 | AO22: =' typ oeil formulle'!AO40 -> 0 | AR22: =' typ oeil formulle'!AR40 -> > -1,0 | AS22: =' typ oeil formulle'!AS40 -> 0 | AT22: =' typ oeil formulle'!AT40 -> 0 | AU22: =' typ oeil formulle'!AU40 -> 0 | AV22: =' typ oeil formulle'!AV40 -> 0 | AW22: =' typ oeil formulle'!AW40 -> 0 | AX22: =' typ oeil formulle'!AX40 -> 0 | AY22: =' typ oeil formulle'!AY40 -> 0
B23: SRK/T
B24: SRKT >+1,0 | C24: =' typ oeil formulle'!C59 -> 0 | D24: =' typ oeil formulle'!D59 -> 0 | E24: =' typ oeil formulle'!E59 -> 0 | F24: =' typ oeil formulle'!F59 -> 0 | G24: =' typ oeil formulle'!G59 -> 0 | H24: =' typ oeil formulle'!H59 -> 0 | I24: =' typ oeil formulle'!I59 -> >+1,0 | J24: =' typ oeil formulle'!J59 -> 0 | ... AB24: =' typ oeil formulle'!AB59 -> 0 | AD24: =' typ oeil formulle'!AD59 -> >+1,0 | AE24: =' typ oeil formulle'!AE59 -> 0 | AF24: =' typ oeil formulle'!AF59 -> 0 | AG24: =' typ oeil formulle'!AG59 -> 0 | AH24: =' typ oeil formulle'!AH59 -> 0 | AK24: =' typ oeil formulle'!AK59 -> >+1,0 | AL24: =' typ oeil formulle'!AL59 -> 0 | AM24: =' typ oeil formulle'!AM59 -> 0 | AN24: =' typ oeil formulle'!AN59 -> 0 | AO24: =' typ oeil formulle'!AO59 -> 0 | AR24: =' typ oeil formulle'!AR59 -> >+1,0 | AS24: =' typ oeil formulle'!AS59 -> 0 | AT24: =' typ oeil formulle'!AT59 -> 0 | AU24: =' typ oeil formulle'!AU59 -> 0 | AV24: =' typ oeil formulle'!AV59 -> 0 | AW24: =' typ oeil formulle'!AW59 -> 0 | AX24: =' typ oeil formulle'!AX59 -> 0 | AY24: =' typ oeil formulle'!AY59 -> 0
B25: SRKT +1,0 à +0,76 | C25: =' typ oeil formulle'!C60 -> 0 | D25: =' typ oeil formulle'!D60 -> 0 | E25: =' typ oeil formulle'!E60 -> 0 | F25: =' typ oeil formulle'!F60 -> 0 | G25: =' typ oeil formulle'!G60 -> 0 | H25: =' typ oeil formulle'!H60 -> 0 | I25: =' typ oeil formulle'!I60 -> +1,0 à +0,76 | J25: =' typ oeil formulle'!J60 -> 0 | ... AB25: =' typ oeil formulle'!AB60 -> 0 | AD25: =' typ oeil formulle'!AD60 -> +1,0 à +0,76 | AE25: =' typ oeil formulle'!AE60 -> 0 | AF25: =' typ oeil formulle'!AF60 -> 0 | AG25: =' typ oeil formulle'!AG60 -> 0 | AH25: =' typ oeil formulle'!AH60 -> 0 | AK25: =' typ oeil formulle'!AK60 -> +1,0 à +0,76 | AL25: =' typ oeil formulle'!AL60 -> 0 | AM25: =' typ oeil formulle'!AM60 -> 0 | AN25: =' typ oeil formulle'!AN60 -> 0 | AO25: =' typ oeil formulle'!AO60 -> 0 | AR25: =' typ oeil formulle'!AR60 -> +1,0 à +0,76 | AS25: =' typ oeil formulle'!AS60 -> 0 | AT25: =' typ oeil formulle'!AT60 -> 0 | AU25: =' typ oeil formulle'!AU60 -> 0 | AV25: =' typ oeil formulle'!AV60 -> 0 | AW25: =' typ oeil formulle'!AW60 -> 0 | AX25: =' typ oeil formulle'!AX60 -> 0 | AY25: =' typ oeil formulle'!AY60 -> 0
B26: SRKT +0,75 à +0,51 | C26: =' typ oeil formulle'!C61 -> 0 | D26: =' typ oeil formulle'!D61 -> 0 | E26: =' typ oeil formulle'!E61 -> 0 | F26: =' typ oeil formulle'!F61 -> 0 | G26: =' typ oeil formulle'!G61 -> 0 | H26: =' typ oeil formulle'!H61 -> 0 | I26: =' typ oeil formulle'!I61 -> +0,75 à +0,51 | J26: =' typ oeil formulle'!J61 -> 0 | ... AB26: =' typ oeil formulle'!AB61 -> 0 | AD26: =' typ oeil formulle'!AD61 -> +0,75 à +0,51 | AE26: =' typ oeil formulle'!AE61 -> 0 | AF26: =' typ oeil formulle'!AF61 -> 0 | AG26: =' typ oeil formulle'!AG61 -> 0 | AH26: =' typ oeil formulle'!AH61 -> 0 | AK26: =' typ oeil formulle'!AK61 -> +0,75 à +0,51 | AL26: =' typ oeil formulle'!AL61 -> 0 | AM26: =' typ oeil formulle'!AM61 -> 0 | AN26: =' typ oeil formulle'!AN61 -> 0 | AO26: =' typ oeil formulle'!AO61 -> 0 | AR26: =' typ oeil formulle'!AR61 -> +0,75 à +0,51 | AS26: =' typ oeil formulle'!AS61 -> 0 | AT26: =' typ oeil formulle'!AT61 -> 0 | AU26: =' typ oeil formulle'!AU61 -> 0 | AV26: =' typ oeil formulle'!AV61 -> 0 | AW26: =' typ oeil formulle'!AW61 -> 0 | AX26: =' typ oeil formulle'!AX61 -> 0 | AY26: =' typ oeil formulle'!AY61 -> 0
B27: SRKT +0,50 à +0,26 | C27: =' typ oeil formulle'!C62 -> 0 | D27: =' typ oeil formulle'!D62 -> 0 | E27: =' typ oeil formulle'!E62 -> 0 | F27: =' typ oeil formulle'!F62 -> 0 | G27: =' typ oeil formulle'!G62 -> 0 | H27: =' typ oeil formulle'!H62 -> 0 | I27: =' typ oeil formulle'!I62 -> +0,50 à +0,26 | J27: =' typ oeil formulle'!J62 -> 0 | ... AB27: =' typ oeil formulle'!AB62 -> 0 | AD27: =' typ oeil formulle'!AD62 -> +0,50 à +0,26 | AE27: =' typ oeil formulle'!AE62 -> 0 | AF27: =' typ oeil formulle'!AF62 -> 0 | AG27: =' typ oeil formulle'!AG62 -> 0 | AH27: =' typ oeil formulle'!AH62 -> 0 | AK27: =' typ oeil formulle'!AK62 -> +0,50 à +0,26 | AL27: =' typ oeil formulle'!AL62 -> 0 | AM27: =' typ oeil formulle'!AM62 -> 0 | AN27: =' typ oeil formulle'!AN62 -> 0 | AO27: =' typ oeil formulle'!AO62 -> 0 | AR27: =' typ oeil formulle'!AR62 -> +0,50 à +0,26 | AS27: =' typ oeil formulle'!AS62 -> 0 | AT27: =' typ oeil formulle'!AT62 -> 0 | AU27: =' typ oeil formulle'!AU62 -> 0 | AV27: =' typ oeil formulle'!AV62 -> 0 | AW27: =' typ oeil formulle'!AW62 -> 0 | AX27: =' typ oeil formulle'!AX62 -> 0 | AY27: =' typ oeil formulle'!AY62 -> 0
B28: SRKT +0,25 à -0,25 | C28: =' typ oeil formulle'!C63 -> 0 | D28: =' typ oeil formulle'!D63 -> 0 | E28: =' typ oeil formulle'!E63 -> 0 | F28: =' typ oeil formulle'!F63 -> 0 | G28: =' typ oeil formulle'!G63 -> 0 | H28: =' typ oeil formulle'!H63 -> 0 | I28: =' typ oeil formulle'!I63 -> +0,25 à -0,25 | J28: =' typ oeil formulle'!J63 -> 0 | ... AB28: =' typ oeil formulle'!AB63 -> 0 | AD28: =' typ oeil formulle'!AD63 -> +0,25 à -0,25 | AE28: =' typ oeil formulle'!AE63 -> 0 | AF28: =' typ oeil formulle'!AF63 -> 0 | AG28: =' typ oeil formulle'!AG63 -> 0 | AH28: =' typ oeil formulle'!AH63 -> 0 | AK28: =' typ oeil formulle'!AK63 -> +0,25 à -0,25 | AL28: =' typ oeil formulle'!AL63 -> 0 | AM28: =' typ oeil formulle'!AM63 -> 0 | AN28: =' typ oeil formulle'!AN63 -> 0 | AO28: =' typ oeil formulle'!AO63 -> 0 | AR28: =' typ oeil formulle'!AR63 -> +0,25 à -0,25 | AS28: =' typ oeil formulle'!AS63 -> 0 | AT28: =' typ oeil formulle'!AT63 -> 0 | AU28: =' typ oeil formulle'!AU63 -> 0 | AV28: =' typ oeil formulle'!AV63 -> 0 | AW28: =' typ oeil formulle'!AW63 -> 0 | AX28: =' typ oeil formulle'!AX63 -> 0 | AY28: =' typ oeil formulle'!AY63 -> 0
B29: SRKT -0,26 à -0,50 | C29: =' typ oeil formulle'!C64 -> 0 | D29: =' typ oeil formulle'!D64 -> 0 | E29: =' typ oeil formulle'!E64 -> 0 | F29: =' typ oeil formulle'!F64 -> 0 | G29: =' typ oeil formulle'!G64 -> 0 | H29: =' typ oeil formulle'!H64 -> 0 | I29: =' typ oeil formulle'!I64 -> -0,26 à -0,50 | J29: =' typ oeil formulle'!J64 -> 0 | ... AB29: =' typ oeil formulle'!AB64 -> 0 | AD29: =' typ oeil formulle'!AD64 -> -0,26 à -0,50 | AE29: =' typ oeil formulle'!AE64 -> 0 | AF29: =' typ oeil formulle'!AF64 -> 0 | AG29: =' typ oeil formulle'!AG64 -> 0 | AH29: =' typ oeil formulle'!AH64 -> 0 | AK29: =' typ oeil formulle'!AK64 -> -0,26 à -0,50 | AL29: =' typ oeil formulle'!AL64 -> 0 | AM29: =' typ oeil formulle'!AM64 -> 0 | AN29: =' typ oeil formulle'!AN64 -> 0 | AO29: =' typ oeil formulle'!AO64 -> 0 | AR29: =' typ oeil formulle'!AR64 -> -0,26 à -0,50 | AS29: =' typ oeil formulle'!AS64 -> 0 | AT29: =' typ oeil formulle'!AT64 -> 0 | AU29: =' typ oeil formulle'!AU64 -> 0 | AV29: =' typ oeil formulle'!AV64 -> 0 | AW29: =' typ oeil formulle'!AW64 -> 0 | AX29: =' typ oeil formulle'!AX64 -> 0 | AY29: =' typ oeil formulle'!AY64 -> 0
B30: SRKT -0,51 à -0,75 | C30: =' typ oeil formulle'!C65 -> 0 | D30: =' typ oeil formulle'!D65 -> 0 | E30: =' typ oeil formulle'!E65 -> 0 | F30: =' typ oeil formulle'!F65 -> 0 | G30: =' typ oeil formulle'!G65 -> 0 | H30: =' typ oeil formulle'!H65 -> 0 | I30: =' typ oeil formulle'!I65 -> -0,51 à -0,75 | J30: =' typ oeil formulle'!J65 -> 0 | ... AB30: =' typ oeil formulle'!AB65 -> 0 | AD30: =' typ oeil formulle'!AD65 -> -0,51 à -0,75 | AE30: =' typ oeil formulle'!AE65 -> 0 | AF30: =' typ oeil formulle'!AF65 -> 0 | AG30: =' typ oeil formulle'!AG65 -> 0 | AH30: =' typ oeil formulle'!AH65 -> 0 | AK30: =' typ oeil formulle'!AK65 -> -0,51 à -0,75 | AL30: =' typ oeil formulle'!AL65 -> 0 | AM30: =' typ oeil formulle'!AM65 -> 0 | AN30: =' typ oeil formulle'!AN65 -> 0 | AO30: =' typ oeil formulle'!AO65 -> 0 | AR30: =' typ oeil formulle'!AR65 -> -0,51 à -0,75 | AS30: =' typ oeil formulle'!AS65 -> 0 | AT30: =' typ oeil formulle'!AT65 -> 0 | AU30: =' typ oeil formulle'!AU65 -> 0 | AV30: =' typ oeil formulle'!AV65 -> 0 | AW30: =' typ oeil formulle'!AW65 -> 0 | AX30: =' typ oeil formulle'!AX65 -> 0 | AY30: =' typ oeil formulle'!AY65 -> 0
B31: SRKT -0,76 -1,0 | C31: =' typ oeil formulle'!C66 -> 0 | D31: =' typ oeil formulle'!D66 -> 0 | E31: =' typ oeil formulle'!E66 -> 0 | F31: =' typ oeil formulle'!F66 -> 0 | G31: =' typ oeil formulle'!G66 -> 0 | H31: =' typ oeil formulle'!H66 -> 0 | I31: =' typ oeil formulle'!I66 -> -0,76 -1,0 | J31: =' typ oeil formulle'!J66 -> 0 | ... AB31: =' typ oeil formulle'!AB66 -> 0 | AD31: =' typ oeil formulle'!AD66 -> -0,76 -1,0 | AE31: =' typ oeil formulle'!AE66 -> 0 | AF31: =' typ oeil formulle'!AF66 -> 0 | AG31: =' typ oeil formulle'!AG66 -> 0 | AH31: =' typ oeil formulle'!AH66 -> 0 | AK31: =' typ oeil formulle'!AK66 -> -0,76 -1,0 | AL31: =' typ oeil formulle'!AL66 -> 0 | AM31: =' typ oeil formulle'!AM66 -> 0 | AN31: =' typ oeil formulle'!AN66 -> 0 | AO31: =' typ oeil formulle'!AO66 -> 0 | AR31: =' typ oeil formulle'!AR66 -> -0,76 -1,0 | AS31: =' typ oeil formulle'!AS66 -> 0 | AT31: =' typ oeil formulle'!AT66 -> 0 | AU31: =' typ oeil formulle'!AU66 -> 0 | AV31: =' typ oeil formulle'!AV66 -> 0 | AW31: =' typ oeil formulle'!AW66 -> 0 | AX31: =' typ oeil formulle'!AX66 -> 0 | AY31: =' typ oeil formulle'!AY66 -> 0
B32: SRKT > -1,0 | C32: =' typ oeil formulle'!C67 -> 0 | D32: =' typ oeil formulle'!D67 -> 0 | E32: =' typ oeil formulle'!E67 -> 0 | F32: =' typ oeil formulle'!F67 -> 0 | G32: =' typ oeil formulle'!G67 -> 0 | H32: =' typ oeil formulle'!H67 -> 0 | I32: =' typ oeil formulle'!I67 -> > -1,0 | J32: =' typ oeil formulle'!J67 -> 0 | ... AB32: =' typ oeil formulle'!AB67 -> 0 | AD32: =' typ oeil formulle'!AD67 -> > -1,0 | AE32: =' typ oeil formulle'!AE67 -> 0 | AF32: =' typ oeil formulle'!AF67 -> 0 | AG32: =' typ oeil formulle'!AG67 -> 0 | AH32: =' typ oeil formulle'!AH67 -> 0 | AK32: =' typ oeil formulle'!AK67 -> > -1,0 | AL32: =' typ oeil formulle'!AL67 -> 0 | AM32: =' typ oeil formulle'!AM67 -> 0 | AN32: =' typ oeil formulle'!AN67 -> 0 | AO32: =' typ oeil formulle'!AO67 -> 0 | AR32: =' typ oeil formulle'!AR67 -> > -1,0 | AS32: =' typ oeil formulle'!AS67 -> 0 | AT32: =' typ oeil formulle'!AT67 -> 0 | AU32: =' typ oeil formulle'!AU67 -> 0 | AV32: =' typ oeil formulle'!AV67 -> 0 | AW32: =' typ oeil formulle'!AW67 -> 0 | AX32: =' typ oeil formulle'!AX67 -> 0 | AY32: =' typ oeil formulle'!AY67 -> 0
C73: PUISSANCE IOL =>30 | D73: PUISSANCE IOL 30 => 25 | E73: PUISSANCE IOL 25 => 15 | F73: PUISSANCE IOL 15 => 10 | G73: PUISSANCE IOL 10 => 0 | H73: PUISSANCE IOL 0=> | J73: œil extrème >28mm | K73: Œil très long 28>26 | L73: Œil long 26>24,5 | M73: Œil long NORMAL 24,5>22,5 | N73: Œil court 22,5>20 | O73: Œil très court <20 | Q73: K extrème >48,5 | R73: K CAMBRE 48,5>46,5 | S73: K CAMBRE- 46,5>45 | T73: K NORM 45>43 | U73: K PLAT- 43>41 | V73: K PLAT >41,0 | X73: CA extrème >4,0 | Y73: CA profonde 4>3,5 | Z73: CA NORM 3,5>2,5 | AA73: CA ETROITE 2,5>2,0 | AB73: CA tres etroite <2,0 | AE73: LT TRES EPAIS >5,3 | AF73: LT EPAIS 5,3>4,9 | AG73: LT NORMAL 4,9>3,8 | AH73: LT FIN>3,8 | AL73: WTW EXTREME >13 | AM73: WTW GRAND 13>12,5 | AN73: WTW NORM 12,5>11,5 | AO73: WTW PETITE <11,5 | AS73: AGE +90 | AT73: AGE 89 => 80 | AU73: AGE 80 => 70 | AV73: AGE 69 => 60 | AW73: AGE 59 => 50 | AX73: AGE 49 => 40 | AY73: AGE -39

Sheet ANTECEDANT
B1: ANTECEDENT
B2: RAS | C2: AMBLYOPE | D2: CHIR REF | E2: DGM | F2: GLAUCOME | G2: GUTTATA | H2: KCN | I2: MYOPE F | J2: PELUCIDE | K2: PKP | L2: PTOSIS | M2: SECHERESSE | N2: DASEK
A3: BARRETTE
A4: >+1,0 | B4: =COUNTIFS(donnée!$AK:$AK,">=1,0",donnée!$DA:$DA,"RAS") -> 0 | C4: =COUNTIFS(donnée!$AK:$AK,">=1,0",donnée!$DA:$DA,"AMBLYOPE") -> 0 | D4: =COUNTIFS(donnée!$AK:$AK,">=1,0",donnée!$DA:$DA,"CHIR REF") -> 0 | E4: =COUNTIFS(donnée!$AK:$AK,">=1,0",donnée!$DA:$DA,"DGM") -> 0 | F4: =COUNTIFS(donnée!$AK:$AK,">=1,0",donnée!$DA:$DA,"GLAUCOME") -> 0 | G4: =COUNTIFS(donnée!$AK:$AK,">=1,0",donnée!$DA:$DA,"GUTTATA") -> 0 | H4: =COUNTIFS(donnée!$AK:$AK,">=1,0",donnée!$DA:$DA,"KCN") -> 0 | I4: =COUNTIFS(donnée!$AK:$AK,">=1,0",donnée!$DA:$DA,"MYOPE F") -> 0
A5: +1,0 à +0,76 | B5: =COUNTIFS(donnée!$AK:$AK,">=0,76",donnée!$AK:$AK,"<=1,0",donnée!$DA:$DA,"RAS") -> 0 | C5: =COUNTIFS(donnée!$AK:$AK,">=0,76",donnée!$AK:$AK,"<=1,0",donnée!$DA:$DA,"AMBLYOPE") -> 0 | D5: =COUNTIFS(donnée!$AK:$AK,">=0,76",donnée!$AK:$AK,"<=1,0",donnée!$DA:$DA,"CHIR REF") -> 0 | E5: =COUNTIFS(donnée!$AK:$AK,">=0,76",donnée!$AK:$AK,"<=1,0",donnée!$DA:$DA,"DGM") -> 0 | F5: =COUNTIFS(donnée!$AK:$AK,">=0,76",donnée!$AK:$AK,"<=1,0",donnée!$DA:$DA,"GLAUCOME") -> 0 | G5: =COUNTIFS(donnée!$AK:$AK,">=0,76",donnée!$AK:$AK,"<=1,0",donnée!$DA:$DA,"GUTTATA") -> 0 | H5: =COUNTIFS(donnée!$AK:$AK,">=0,76",donnée!$AK:$AK,"<=1,0",donnée!$DA:$DA,"KCN") -> 0 | I5: =COUNTIFS(donnée!$AK:$AK,">=0,76",donnée!$AK:$AK,"<=1,0",donnée!$DA:$DA,"MYOPE F") -> 0
A6: +0,75 à +0,51 | B6: =COUNTIFS(donnée!$AK:$AK,">=+0,51",donnée!$AK:$AK,"<=+0,75",donnée!$DA:$DA,"RAS") -> 0 | C6: =COUNTIFS(donnée!$AK:$AK,">=+0,51",donnée!$AK:$AK,"<=+0,75",donnée!$DA:$DA,"AMBLYOPE") -> 0 | D6: =COUNTIFS(donnée!$AK:$AK,">=+0,51",donnée!$AK:$AK,"<=+0,75",donnée!$DA:$DA,"CHIR REF") -> 0 | E6: =COUNTIFS(donnée!$AK:$AK,">=+0,51",donnée!$AK:$AK,"<=+0,75",donnée!$DA:$DA,"DGM") -> 0 | F6: =COUNTIFS(donnée!$AK:$AK,">=+0,51",donnée!$AK:$AK,"<=+0,75",donnée!$DA:$DA,"GLAUCOME") -> 0 | G6: =COUNTIFS(donnée!$AK:$AK,">=+0,51",donnée!$AK:$AK,"<=+0,75",donnée!$DA:$DA,"GUTTATA") -> 0 | H6: =COUNTIFS(donnée!$AK:$AK,">=+0,51",donnée!$AK:$AK,"<=+0,75",donnée!$DA:$DA,"KCN") -> 0 | I6: =COUNTIFS(donnée!$AK:$AK,">=+0,51",donnée!$AK:$AK,"<=+0,75",donnée!$DA:$DA,"MYOPE F") -> 0
A7: +0,50 à +0,26 | B7: =COUNTIFS(donnée!$AK:$AK,">=+0,26",donnée!$AK:$AK,"<=+0,50",donnée!$DA:$DA,"RAS") -> 0 | C7: =COUNTIFS(donnée!$AK:$AK,">=+0,26",donnée!$AK:$AK,"<=+0,50",donnée!$DA:$DA,"AMBLYOPE") -> 0 | D7: =COUNTIFS(donnée!$AK:$AK,">=+0,26",donnée!$AK:$AK,"<=+0,50",donnée!$DA:$DA,"CHIR REF") -> 0 | E7: =COUNTIFS(donnée!$AK:$AK,">=+0,26",donnée!$AK:$AK,"<=+0,50",donnée!$DA:$DA,"DGM") -> 0 | F7: =COUNTIFS(donnée!$AK:$AK,">=+0,26",donnée!$AK:$AK,"<=+0,50",donnée!$DA:$DA,"GLAUCOME") -> 0 | G7: =COUNTIFS(donnée!$AK:$AK,">=+0,26",donnée!$AK:$AK,"<=+0,50",donnée!$DA:$DA,"GUTTATA") -> 0 | H7: =COUNTIFS(donnée!$AK:$AK,">=+0,26",donnée!$AK:$AK,"<=+0,50",donnée!$DA:$DA,"KCN") -> 0 | I7: =COUNTIFS(donnée!$AK:$AK,">=+0,26",donnée!$AK:$AK,"<=+0,50",donnée!$DA:$DA,"MYOPE F") -> 0
A8: +0,25 à -0,25 | B8: =COUNTIFS(donnée!$AK:$AK,">=-0,25",donnée!$AK:$AK,"<=+0,25",donnée!$DA:$DA,"RAS") -> 0 | C8: =COUNTIFS(donnée!$AK:$AK,">=-0,25",donnée!$AK:$AK,"<=+0,25",donnée!$DA:$DA,"AMBLYOPE") -> 0 | D8: =COUNTIFS(donnée!$AK:$AK,">=-0,25",donnée!$AK:$AK,"<=+0,25",donnée!$DA:$DA,"CHIR REF") -> 0 | E8: =COUNTIFS(donnée!$AK:$AK,">=-0,25",donnée!$AK:$AK,"<=+0,25",donnée!$DA:$DA,"DGM") -> 0 | F8: =COUNTIFS(donnée!$AK:$AK,">=-0,25",donnée!$AK:$AK,"<=+0,25",donnée!$DA:$DA,"GLAUCOME") -> 0 | G8: =COUNTIFS(donnée!$AK:$AK,">=-0,25",donnée!$AK:$AK,"<=+0,25",donnée!$DA:$DA,"GUTTATA") -> 0 | H8: =COUNTIFS(donnée!$AK:$AK,">=-0,25",donnée!$AK:$AK,"<=+0,25",donnée!$DA:$DA,"KCN") -> 0 | I8: =COUNTIFS(donnée!$AK:$AK,">=-0,25",donnée!$AK:$AK,"<=+0,25",donnée!$DA:$DA,"MYOPE F") -> 0
A9: -0,26 à -0,50 | B9: =COUNTIFS(donnée!$AK:$AK,">=-0,50",donnée!$AK:$AK,"<=-0,26",donnée!$DA:$DA,"RAS") -> 0 | C9: =COUNTIFS(donnée!$AK:$AK,">=-0,50",donnée!$AK:$AK,"<=-0,26",donnée!$DA:$DA,"AMBLYOPE") -> 0 | D9: =COUNTIFS(donnée!$AK:$AK,">=-0,50",donnée!$AK:$AK,"<=-0,26",donnée!$DA:$DA,"CHIR REF") -> 0 | E9: =COUNTIFS(donnée!$AK:$AK,">=-0,50",donnée!$AK:$AK,"<=-0,26",donnée!$DA:$DA,"DGM") -> 0 | F9: =COUNTIFS(donnée!$AK:$AK,">=-0,50",donnée!$AK:$AK,"<=-0,26",donnée!$DA:$DA,"GLAUCOME") -> 0 | G9: =COUNTIFS(donnée!$AK:$AK,">=-0,50",donnée!$AK:$AK,"<=-0,26",donnée!$DA:$DA,"GUTTATA") -> 0 | H9: =COUNTIFS(donnée!$AK:$AK,">=-0,50",donnée!$AK:$AK,"<=-0,26",donnée!$DA:$DA,"KCN") -> 0 | I9: =COUNTIFS(donnée!$AK:$AK,">=-0,50",donnée!$AK:$AK,"<=-0,26",donnée!$DA:$DA,"MYOPE F") -> 0
A10: -0,51 à -0,75 | B10: =COUNTIFS(donnée!$AK:$AK,">=-0,75",donnée!$AK:$AK,"<=-0,51",donnée!$DA:$DA,"RAS") -> 0 | C10: =COUNTIFS(donnée!$AK:$AK,">=-0,75",donnée!$AK:$AK,"<=-0,51",donnée!$DA:$DA,"AMBLYOPE") -> 0 | D10: =COUNTIFS(donnée!$AK:$AK,">=-0,75",donnée!$AK:$AK,"<=-0,51",donnée!$DA:$DA,"CHIR REF") -> 0 | E10: =COUNTIFS(donnée!$AK:$AK,">=-0,75",donnée!$AK:$AK,"<=-0,51",donnée!$DA:$DA,"DGM") -> 0 | F10: =COUNTIFS(donnée!$AK:$AK,">=-0,75",donnée!$AK:$AK,"<=-0,51",donnée!$DA:$DA,"GLAUCOME") -> 0 | G10: =COUNTIFS(donnée!$AK:$AK,">=-0,75",donnée!$AK:$AK,"<=-0,51",donnée!$DA:$DA,"GUTTATA") -> 0 | H10: =COUNTIFS(donnée!$AK:$AK,">=-0,75",donnée!$AK:$AK,"<=-0,51",donnée!$DA:$DA,"KCN") -> 0 | I10: =COUNTIFS(donnée!$AK:$AK,">=-0,75",donnée!$AK:$AK,"<=-0,51",donnée!$DA:$DA,"MYOPE F") -> 0
A11: -0,76 -1,0 | B11: =COUNTIFS(donnée!$AK:$AK,">=-1,0",donnée!$AK:$AK,"<=-0,76",donnée!$DA:$DA,"RAS") -> 0 | C11: =COUNTIFS(donnée!$AK:$AK,">=-1,0",donnée!$AK:$AK,"<=-0,76",donnée!$DA:$DA,"AMBLYOPE") -> 0 | D11: =COUNTIFS(donnée!$AK:$AK,">=-1,0",donnée!$AK:$AK,"<=-0,76",donnée!$DA:$DA,"CHIR REF") -> 0 | E11: =COUNTIFS(donnée!$AK:$AK,">=-1,0",donnée!$AK:$AK,"<=-0,76",donnée!$DA:$DA,"DGM") -> 0 | F11: =COUNTIFS(donnée!$AK:$AK,">=-1,0",donnée!$AK:$AK,"<=-0,76",donnée!$DA:$DA,"GLAUCOME") -> 0 | G11: =COUNTIFS(donnée!$AK:$AK,">=-1,0",donnée!$AK:$AK,"<=-0,76",donnée!$DA:$DA,"GUTTATA") -> 0 | H11: =COUNTIFS(donnée!$AK:$AK,">=-1,0",donnée!$AK:$AK,"<=-0,76",donnée!$DA:$DA,"KCN") -> 0 | I11: =COUNTIFS(donnée!$AK:$AK,">=-1,0",donnée!$AK:$AK,"<=-0,76",donnée!$DA:$DA,"MYOPE F") -> 0
A12: > -1,0 | B12: =COUNTIFS(donnée!$AK:$AK,"<=-1,0",donnée!$DA:$DA,"RAS") -> 0 | C12: =COUNTIFS(donnée!$AK:$AK,"<=-1,0",donnée!$DA:$DA,"AMBLYOPE") -> 0 | D12: =COUNTIFS(donnée!$AK:$AK,"<=-1,0",donnée!$DA:$DA,"CHIR REF") -> 0 | E12: =COUNTIFS(donnée!$AK:$AK,"<=-1,0",donnée!$DA:$DA,"DGM") -> 0 | F12: =COUNTIFS(donnée!$AK:$AK,"<=-1,0",donnée!$DA:$DA,"GLAUCOME") -> 0 | G12: =COUNTIFS(donnée!$AK:$AK,"<=-1,0",donnée!$DA:$DA,"GUTTATA") -> 0 | H12: =COUNTIFS(donnée!$AK:$AK,"<=-1,0",donnée!$DA:$DA,"KCN") -> 0 | I12: =COUNTIFS(donnée!$AK:$AK,"<=-1,0",donnée!$DA:$DA,"MYOPE F") -> 0
